Academic Performance (GPA),Relevant Skills (0-10),Experience (Months),Weekly Hours Available,Laptop Availability,Constant Internet Access,Internship Success
3.4363502971184063,2,11,35,0,0,0
4.87678576602479,8,33,12,1,0,0
4.3299848545285125,4,35,12,1,0,0
3.9966462104925915,7,36,10,1,1,0
2.8900466011060915,6,2,30,0,1,0
2.8899863008405067,7,8,40,0,0,0
2.6452090304204985,6,17,29,0,0,0
4.6654403644373375,2,42,11,1,0,0
4.002787529358022,1,34,34,0,0,0
4.270181444490113,6,33,12,1,1,0
2.551461235739506,2,40,24,1,0,0
4.924774630404986,2,13,33,1,1,0
4.5811066020010545,1,3,15,0,0,0
3.0308477766956905,3,28,39,1,1,0
2.9545624180177517,7,40,22,1,1,0
2.9585112746335844,0,44,30,0,1,0
3.260605607398844,0,14,10,1,1,0
3.8118910790805947,4,27,29,1,1,0
3.5798625466052894,10,41,28,1,0,0
3.2280728504951046,4,15,10,0,0,0
4.0296322368059485,10,11,37,1,1,1
2.8487346516301044,0,4,40,0,0,0
3.2303616213380453,5,33,30,0,0,0
3.4159046082342295,0,41,31,1,0,0
3.64017496054259,4,0,11,1,0,0
4.462939903482534,8,38,24,1,0,0
2.9991844553958993,4,31,23,1,0,0
3.785586096034029,5,25,28,0,0,0
3.981036422155106,7,16,20,0,1,0
2.616126031799994,10,47,39,1,0,0
4.018862129753596,0,26,24,0,0,0
2.9263103092182288,1,23,15,1,0,0
2.6626289824631986,8,34,29,1,1,0
4.872213843133333,2,45,18,1,1,0
4.914080082686398,5,41,14,1,0,0
4.520993370291153,4,38,29,0,1,0
3.2615344229334267,10,25,11,0,1,0
2.74418028501596,1,48,15,1,0,0
4.210582566280392,6,37,35,1,1,0
3.6003812343490034,3,22,27,0,0,0
2.805095587111947,0,21,37,0,1,0
3.7379422752781757,3,3,38,0,0,0
2.585971302788046,5,48,32,1,1,0
4.773301005196956,6,8,28,0,0,0
3.1469499540000423,6,3,18,1,0,0
4.156305710884955,6,6,36,1,1,0
3.2792776902235277,2,22,30,0,0,0
3.800170052944527,5,1,33,1,0,0
3.8667756983581993,7,48,36,0,1,0
2.9621361388138174,3,23,15,1,0,0
4.9239615694113965,7,39,23,1,0,0
4.437832058402787,1,30,37,1,1,0
4.848747353910473,9,46,35,1,0,0
4.7370683760691215,8,30,33,1,1,1
3.994749947027713,8,46,38,1,0,0
4.804685587557792,7,39,22,0,1,0
2.7212312551297986,9,47,20,0,1,0
2.989957156047863,9,42,21,1,0,0
2.613068222276345,0,33,28,0,1,0
3.313325826908161,1,23,28,1,0,0
3.471693224223705,5,48,30,0,0,0
3.1783725794347397,9,25,36,0,1,0
4.571843772879824,4,15,35,1,0,0
3.3918833167339733,8,46,28,0,0,0
3.202336274218452,4,12,33,1,1,0
3.856740207895621,1,14,35,0,0,0
2.8523105624369065,9,26,22,1,0,0
4.505492451885099,3,3,37,0,1,0
2.686376609199427,8,15,23,1,0,0
4.967217341501293,0,29,33,0,0,0
4.430611923241644,10,43,27,1,1,0
2.996789203835431,0,29,21,0,0,0
2.513805292809006,6,35,13,1,0,0
4.538653571137085,10,2,19,0,1,0
4.267143359619043,2,21,38,1,0,0
4.322517920102468,9,48,26,0,0,0
4.428175866714865,1,21,13,1,1,0
2.6851116293352257,8,48,21,1,1,0
3.396164321360682,2,11,22,1,0,0
2.7896726488128243,1,20,38,1,0,0
4.657758564688984,7,3,36,0,1,0
4.058245317068895,9,30,38,0,0,0
3.327245062131623,5,43,13,0,0,0
2.658895875715059,5,30,19,1,0,0
3.2774558042891555,9,22,34,1,1,0
3.312958305066868,10,19,40,1,0,0
4.32401544584516,6,14,12,1,0,0
4.093893678388033,6,22,24,1,1,0
4.718031856440817,10,27,11,0,1,0
3.6805373129048733,5,15,34,0,1,0
2.7989856148457544,3,36,34,0,0,0
4.283111968057487,10,20,26,1,0,0
4.401962621542244,8,14,15,1,1,0
3.9031929939237404,5,16,35,1,0,0
4.427417949886403,3,36,17,1,0,0
3.734488990910977,2,12,12,1,0,0
3.806832073454985,3,18,36,1,0,0
3.568852545896374,2,29,34,1,1,0
2.563547816860238,1,44,27,0,1,0
2.769728567483261,4,17,31,0,0,0
2.5785729642168356,1,13,10,1,1,0
4.091026028159451,5,35,38,1,0,0
3.285889952690817,2,35,25,1,0,0
3.771426727911757,5,19,16,0,1,0
4.768916184815232,10,18,12,0,1,0
3.1232305728721874,9,44,32,1,0,0
3.525957307589074,8,43,13,0,0,0
4.388877846357621,0,6,18,0,0,0
3.071995413729056,5,43,14,0,0,0
2.6924497745719824,8,3,28,1,1,0
3.22437863228442,10,33,24,0,1,0
2.9030532181350113,3,1,17,0,0,0
4.8242441308564326,10,4,15,1,0,0
4.520300948911043,1,9,27,1,1,0
4.083509391276059,3,31,28,0,0,0
4.6786514754692945,0,41,33,1,1,0
4.509180192247786,2,40,24,0,0,0
2.9664251472150895,9,12,35,0,1,0
4.731397496224945,8,38,16,1,0,0
3.848355604789127,9,4,19,1,0,0
4.518600387910157,4,9,15,0,0,0
4.740228249808733,10,9,23,1,1,0
3.2950086874296596,5,37,26,1,1,0
2.775129811319192,2,26,18,0,0,0
3.069837906354854,4,20,28,0,0,0
3.567769471565641,10,7,39,0,0,0
4.545036914806232,7,0,14,0,0,0
4.651826458140858,5,27,32,0,1,0
2.517380326327977,3,48,40,0,1,0
3.7768682564439144,1,38,16,1,1,0
3.5435275078719473,8,13,28,1,0,0
3.0552695261768257,0,20,40,0,0,0
2.799663418334207,0,29,29,1,1,0
3.34403792850907,3,20,35,1,0,0
4.857274259781298,6,48,16,0,1,0
3.308007330051888,0,8,33,1,1,0
3.796976554358415,8,16,11,1,1,0
4.2575473972379445,3,4,34,0,1,0
3.409074005948235,2,30,32,1,0,0
4.929455206802402,0,39,25,1,1,0
4.906118237355278,9,37,22,0,0,0
3.1294557395634106,3,42,17,1,1,0
3.7431212647309637,8,18,15,1,1,0
3.2521957745419243,9,35,15,1,1,0
3.212101235943669,5,32,18,0,1,0
2.592217368386332,5,12,13,0,0,0
4.023910834949742,0,13,36,1,0,0
3.7566975580721538,9,32,20,1,0,0
2.6286968781249733,1,28,14,0,0,0
3.1966161605915286,10,42,34,0,1,0
4.770664714916634,5,48,26,1,0,0
3.098904726667431,1,35,29,0,0,0
2.8622371802280577,2,43,16,1,1,0
3.7236319006939076,3,9,36,1,0,0
4.964126135276501,10,30,24,0,0,0
3.105138178778751,4,5,34,0,0,0
4.1803388685146965,8,0,24,1,0,0
4.404049038321794,3,6,23,1,1,0
3.0940938599809993,10,26,22,0,1,0
4.320540871529649,8,20,20,1,0,0
3.419457831798133,10,27,37,0,1,0
4.080764576483949,9,15,22,0,0,0
4.083824276902237,2,45,35,0,0,0
3.839436710186896,7,22,31,0,0,0
2.7257244251360206,0,19,37,0,1,0
4.588256238973095,10,37,33,1,1,1
3.3019501624293395,8,24,38,0,1,0
2.9662962759996354,8,27,18,0,1,0
2.60193785388691,9,4,19,0,1,0
3.9772323579706046,1,20,13,0,1,0
4.193910904605707,3,17,26,0,0,0
2.5414695723196403,7,46,23,0,1,0
3.7802326457482023,6,5,33,0,0,0
3.0662394379948448,0,28,27,1,0,0
4.112931976023624,4,18,20,1,1,0
2.9359160725124784,6,32,25,1,0,0
4.227344345256165,3,0,10,1,0,0
3.4668383657513435,0,44,38,0,0,0
4.841824971841836,8,2,16,1,1,0
2.8438023603649834,4,41,37,0,1,0
3.3526658776256464,10,20,19,1,0,0
2.783683803101473,1,34,18,1,1,0
4.811734045696407,7,40,36,0,0,0
4.693348383452452,10,39,40,0,1,0
3.144854069287889,1,2,37,1,0,0
4.149960115085447,2,24,37,1,0,0
4.54305550050304,9,44,34,1,1,1
3.888002028998656,0,37,12,1,1,0
3.824126445890016,10,44,31,0,1,0
3.1046307272511293,1,19,32,1,1,0
2.732756919514748,6,43,23,1,1,0
4.743039394883317,9,44,35,1,0,0
4.7510451429083265,1,33,34,1,0,0
4.08275364318317,5,20,24,1,0,0
3.3475744776217518,2,47,11,0,1,0
3.373023936531652,3,22,33,0,1,0
4.3148891971755985,10,5,23,0,0,0
4.742775649881443,7,12,25,0,0,0
4.717716060662793,2,48,16,0,0,0
4.4496888646440595,9,22,13,1,0,0
4.10507911538572,5,8,27,0,1,0
2.7103499124876222,0,16,33,0,0,0
2.9040717852365345,6,1,36,1,1,0
4.746385471317698,7,18,14,0,0,0
4.016072649148975,10,18,15,0,1,0
2.5229926290415743,7,6,39,0,1,0
2.75367885716508,2,41,36,0,1,0
4.158754422770139,9,41,16,1,1,0
2.512653959615547,0,19,40,1,0,0
2.9020201285437466,8,8,24,0,0,0
3.8718344734164654,5,16,35,1,0,0
4.2297379942317335,10,26,10,0,1,0
4.129903148756501,8,46,33,1,0,0
3.0606732736513997,6,1,13,1,0,0
4.28044805336884,0,35,38,1,0,0
3.0931227187420003,0,18,34,1,1,0
3.3134992453981695,5,16,10,1,1,0
4.36622851279506,4,4,20,1,1,0
4.124082247618037,8,38,27,1,0,0
4.623058526235445,1,17,23,1,0,0
4.144032230750859,7,6,31,1,0,0
3.920771508338679,10,16,20,1,1,0
2.7341869195702313,4,38,19,1,0,0
3.4192895076485836,1,35,36,0,1,0
3.1630059192043136,9,39,39,1,1,0
3.109974108447709,10,44,26,0,1,0
4.932526386881114,10,3,13,1,1,0
3.482744311666901,5,37,33,0,0,0
4.730116387942783,9,24,24,0,0,0
4.077846564993157,7,4,35,0,1,0
4.487028258854121,3,29,25,1,0,0
3.7565927327629804,1,11,30,1,1,0
3.9422597115658977,10,3,22,1,0,0
3.7312942345471596,4,23,18,1,0,0
2.988107469495111,1,28,20,0,1,0
4.3061302881537635,1,8,20,1,1,0
3.2019309061021395,5,3,15,1,1,0
2.5607899160786345,10,23,10,1,1,0
4.113680739767919,9,13,31,1,0,0
2.9427766985176222,8,4,15,1,1,0
4.851146460882285,3,17,22,1,0,0
4.884821442506468,5,41,31,1,1,0
4.787160975551121,6,18,33,1,0,0
3.425396750638611,10,11,40,0,1,0
2.5386415413221686,5,17,31,0,0,0
4.820796406469313,7,16,14,1,0,0
3.5704603707932856,3,29,24,1,0,0
4.916637047609174,0,23,36,1,1,0
4.909049942723132,6,10,27,1,1,0
4.632523638668401,2,34,29,0,1,0
3.2361222301739643,5,22,23,0,1,0
3.4627443215048133,1,16,24,1,0,0
4.627841678792143,8,0,35,0,0,0
3.292305012890694,0,14,14,0,0,0
2.923731866715231,5,31,35,1,1,0
3.8920031561458757,5,8,13,1,0,0
4.840386935401952,4,14,11,1,0,0
4.240074491687432,4,27,16,0,1,0
3.9251529252234123,0,23,19,0,1,0
2.7429412344269215,9,34,25,1,0,0
4.037518066747925,4,21,19,1,1,0
4.975134625260658,1,26,27,0,1,0
2.8502100380913102,6,18,26,0,1,0
3.7958241309093417,2,44,39,1,1,0
4.693432679819889,3,11,30,0,0,0
4.351921544385511,2,19,37,1,0,0
4.24253935248817,2,0,22,1,0,0
4.256210209967773,3,20,10,0,0,0
3.398727878049388,4,48,10,0,0,0
3.2339796106612333,0,44,24,0,1,0
4.523402888696284,3,0,10,1,0,0
4.525283486697952,10,9,15,1,0,0
4.667680796450259,7,46,34,1,1,1
4.7831013813911785,9,31,35,1,1,1
3.7783559971523446,6,38,22,1,1,0
3.753790736717999,8,21,36,1,0,0
4.495737947416938,4,17,37,0,1,0
4.124909826944413,9,47,10,1,1,0
4.254917193144259,3,45,14,1,1,0
4.4894816735902525,7,31,40,1,0,0
4.725013354543916,8,26,18,1,1,0
3.3449878921288394,6,27,39,0,1,0
3.43895738159986,6,17,34,1,0,0
2.7349548496021727,4,38,26,0,1,0
3.945700352490435,3,48,25,0,0,0
2.589855684491855,9,28,17,1,0,0
3.6639950453311503,0,17,26,1,1,0
3.8566115867689414,9,43,24,0,0,0
3.216353130320711,9,7,33,0,1,0
3.977083151422527,6,30,10,1,1,0
2.5762506248476233,0,33,21,0,1,0
2.593370471873036,0,6,14,1,1,0
4.556501401649146,4,35,33,1,0,0
3.4004766035281575,8,17,15,0,1,0
2.817651281629712,5,37,34,1,1,0
3.8056081501370107,2,8,10,1,1,0
4.4249838827465275,2,8,34,1,0,0
3.039552568742108,6,45,10,0,0,0
4.0572261895475,5,7,19,0,1,0
2.71336866248442,8,34,19,0,0,0
2.629204302921519,5,17,12,1,0,0
3.82838657892037,4,4,26,0,1,0
3.8515878040252662,9,13,28,0,1,0
4.093574753745516,6,27,37,0,1,0
4.315228334306654,0,29,20,1,1,0
4.939630198656337,6,3,38,1,1,0
3.790750870752988,2,38,27,0,0,0
3.307391182353115,8,19,11,0,1,0
4.487965486921759,5,24,18,0,1,0
3.1770806281551858,8,27,33,1,1,0
3.5974285517640903,4,11,26,0,1,0
2.696140953355665,6,1,37,1,1,0
2.5633768585386436,3,42,23,1,0,0
4.906621036694813,6,13,13,1,1,0
4.589950301280515,0,21,38,0,0,0
4.2399355152342455,6,30,26,0,1,0
3.5223823610356746,7,22,26,1,1,0
2.9332358001771146,4,47,21,1,1,0
2.891092606677715,1,19,37,1,0,0
3.125607245411488,4,37,29,1,1,0
3.873066661765301,5,3,27,0,1,0
4.286489806750156,1,14,12,0,1,0
4.150493441794328,5,23,20,1,1,0
3.199834742364857,5,24,34,1,1,0
4.887163201657986,0,0,27,1,1,0
4.344742291739421,0,6,13,0,1,0
3.885885131278502,10,30,26,1,0,0
4.0293018655858805,9,11,27,0,1,0
3.549000156069475,2,41,14,1,1,0
3.1193274737528935,9,4,23,0,1,0
3.389931696628154,9,43,19,0,0,0
4.3946152761609225,2,41,24,1,0,0
2.5359837215743894,3,37,10,0,1,0
2.7901816012672906,1,11,25,0,0,0
2.615006605054382,8,38,20,0,1,0
2.6018220057974255,9,17,32,0,1,0
4.638651460027518,10,1,29,1,0,0
4.259144648450059,6,9,15,1,1,0
3.685434572718313,6,14,33,1,0,0
2.7445854016275035,5,29,38,1,0,0
3.729039687792081,2,43,31,1,0,0
3.6836794269514144,5,16,25,0,1,0
2.933004674775038,7,3,39,0,1,0
3.5846291230949325,7,6,11,0,1,0
3.4962618359934337,10,40,10,0,1,0
4.039625245130541,8,30,33,1,1,1
4.087734127169109,0,38,33,1,1,0
2.613260024430111,0,33,18,0,1,0
3.436531536566178,2,5,31,1,0,0
4.064649789285591,2,37,21,0,1,0
3.7578406464502194,9,44,26,0,1,0
4.641224602970805,7,33,39,1,1,1
4.146734079047363,9,43,34,1,0,0
2.9073360677035742,0,14,37,1,0,0
2.6764218685010746,1,13,38,1,0,0
4.106048195515789,1,5,24,1,1,0
2.5662782763540544,2,36,39,1,0,0
3.964438953183658,5,31,28,1,0,0
4.850575603562394,0,2,36,0,1,0
3.9386854446896975,1,2,31,1,1,0
3.4704248155163047,0,21,19,0,1,0
4.108220546105883,4,21,38,0,0,0
3.6456322262287917,6,9,35,1,1,0
3.8640419732898375,7,2,40,0,1,0
4.853662021941313,9,11,36,1,1,1
3.465256594501936,0,28,21,0,1,0
4.902976409559786,6,47,23,0,1,0
4.763376604890159,4,16,40,0,1,0
2.989477836973241,9,6,18,1,0,0
2.6734032521879136,0,12,36,0,1,0
2.7519450034435664,2,1,22,0,0,0
2.5455545641288744,6,3,12,0,0,0
2.736107401889821,9,9,30,1,1,0
4.207516933540893,0,38,38,0,0,0
2.6779716211505726,6,23,23,1,0,0
3.2974390757344034,4,16,30,0,0,0
4.612188277423636,0,5,19,0,1,0
2.5581798393395645,0,18,25,0,0,0
4.536171206472339,0,4,16,1,0,0
3.2046369369335,10,31,13,0,0,0
2.795412069054141,8,9,36,0,0,0
4.241842913410377,10,8,29,0,1,0
4.07235711694971,2,26,32,0,1,0
4.693680033817632,4,12,34,1,0,0
4.337677609509715,10,18,40,0,1,0
4.508702325962121,9,20,20,0,1,0
3.205086431428266,8,23,25,0,0,0
2.943598859449307,5,37,29,0,1,0
4.3765368791021455,8,3,13,1,1,0
4.5170868481681605,7,23,31,0,0,0
4.976262855001684,7,34,31,0,0,0
3.531544192278566,0,2,32,1,1,0
3.430045214481958,8,3,40,0,1,0
4.441032401854992,5,36,26,0,1,0
3.3520088506325445,8,39,22,0,1,0
4.826893314008911,2,47,20,1,0,0
4.64603187960753,2,34,39,0,0,0
3.5724850684375458,5,30,12,1,0,0
4.377177669478743,8,43,18,1,0,0
4.386357185211706,6,24,15,1,0,0
2.7578096720898317,2,39,31,1,1,0
4.756382266698917,2,12,30,1,1,0
3.763130931119643,1,3,20,1,0,0
4.566143665269355,8,45,25,1,0,0
3.3001240025765295,2,13,28,0,0,0
4.738808071240501,10,12,36,0,1,0
3.473004196835408,4,26,14,1,1,0
2.527094128700746,8,5,23,1,1,0
4.76345494104816,7,16,26,1,0,0
2.7282166919653337,1,35,12,1,0,0
3.2982840939760374,2,39,13,1,0,0
4.875154917627013,1,48,25,1,0,0
4.876517867343891,7,34,25,0,0,0
3.933594720308215,5,16,30,0,1,0
4.079593030424498,5,40,35,1,0,0
3.621113804945799,8,1,34,1,1,0
3.2330269292451614,7,12,13,1,1,0
3.32166136342479,3,1,28,0,1,0
4.181296140192596,3,27,35,1,1,0
4.3809363235942005,8,42,26,0,1,0
4.478947609314622,0,25,22,0,0,0
4.474045356986385,1,21,35,0,0,0
2.728015257621726,1,46,31,1,0,0
3.7360507617564536,5,42,32,1,1,0
2.643896900041611,3,2,35,0,1,0
3.873822205809339,10,34,40,0,1,0
3.6038262534334424,9,11,33,0,1,0
4.71926045689575,2,23,37,0,1,0
3.3772875313801967,2,4,10,1,1,0
2.7926675410690147,2,19,21,0,0,0
2.8574792051320896,5,38,13,1,1,0
4.40377657929368,7,38,20,0,1,0
4.045545158290652,10,12,14,1,0,0
2.7528066903069757,6,40,11,0,1,0
2.7102670152874935,3,44,26,1,0,0
4.2524228286478,10,11,17,1,0,0
2.681907515910484,3,12,15,1,0,0
4.554650148225891,10,9,30,0,1,0
4.265605567891241,9,32,38,1,0,0
2.7033719516047494,10,39,18,0,0,0
2.71209428521298,10,15,22,1,1,0
4.9665989462529385,10,44,20,1,0,0
3.4356769893903008,1,34,38,0,1,0
3.4266053676672272,0,2,25,1,1,0
4.531998918143756,8,4,25,1,0,0
4.868121443459646,1,25,36,0,1,0
4.965002659557177,7,10,11,1,1,0
4.383445463147354,8,6,19,1,0,0
3.4406489638272895,3,9,21,1,0,0
2.708751791746672,7,41,17,1,0,0
4.442867289818592,8,33,20,0,0,0
3.8960106243395125,9,2,39,1,1,0
3.5605550231174408,9,7,19,1,0,0
4.76588596273684,4,30,22,1,0,0
2.7779937057653785,6,10,34,1,0,0
3.7315627607271478,9,44,26,1,1,0
2.5283841119185477,3,6,16,1,1,0
3.671651604985316,0,44,33,1,1,0
2.6407581892045933,2,1,12,1,1,0
2.7970447906701796,4,5,39,0,1,0
2.793815616942762,2,40,29,0,0,0
4.1230257552901595,10,31,22,0,1,0
4.365112198163558,6,19,28,0,1,0
3.958421912742899,8,33,16,1,1,0
4.905431371186355,5,15,18,1,0,0
3.43717644880926,9,24,28,0,0,0
3.214280215704652,0,11,22,0,1,0
4.67149782047365,6,6,31,0,0,0
3.0589895962986313,2,38,17,1,1,0
4.908056348601528,4,16,31,1,0,0
2.5303861867245407,9,44,27,0,0,0
4.924697066769097,3,10,38,0,1,0
2.6078997798764405,9,5,32,0,0,0
4.727857784245177,4,22,11,0,1,0
3.8192527727157497,4,26,27,0,1,0
4.982411990298251,5,45,27,1,1,0
2.684491411838497,9,5,20,0,0,0
3.884635711003302,9,37,40,1,0,0
4.9232563390477475,10,1,10,0,1,0
3.807744610425372,5,21,23,0,1,0
4.073496595338156,7,19,25,1,0,0
4.239371722461543,7,24,20,0,1,0
3.636352661919433,10,14,10,1,0,0
4.068895200210159,8,48,39,1,0,0
3.9607857798077504,7,28,16,0,0,0
4.752895026227472,10,7,40,0,1,0
2.6136159508536445,1,36,38,1,1,0
3.2024079739805758,9,48,25,1,0,0
4.876028710191397,10,32,39,0,1,0
4.725659459727291,0,21,23,1,1,0
3.6391418819642825,9,46,24,0,0,0
4.050331494503842,1,4,23,1,0,0
3.1934529574528314,1,38,37,0,1,0
2.970302899309403,2,17,30,1,0,0
3.6592460123499553,9,37,20,1,1,0
3.383380570065132,6,36,25,0,0,0
3.95914027962718,1,29,28,1,0,0
2.694336592412462,0,30,26,1,1,0
4.935987019165417,5,9,36,1,1,0
4.965526861199008,8,14,35,1,1,1
4.2454042850493625,2,41,15,1,1,0
3.840240915860301,5,47,20,1,1,0
3.2738190407158196,2,43,26,1,0,0
4.5344875492673715,0,17,18,0,0,0
4.211827931384699,4,22,27,1,1,0
2.9065423483622284,9,32,26,1,0,0
4.777317961234607,10,15,40,0,1,0
4.556343107307923,3,37,21,1,0,0
4.87449978322981,6,34,32,1,0,0
4.3142987709709,5,33,31,0,1,0
4.033537989839475,9,27,31,1,1,1
3.545607590726547,6,1,39,1,1,0
4.831821208385033,4,29,14,0,0,0
4.665159723751021,3,12,20,0,1,0
2.6130466752654735,6,40,13,1,1,0
2.56591743624313,6,15,36,1,1,0
3.441158417195124,5,4,13,0,1,0
4.526383326954582,7,27,12,1,1,0
4.968190323287361,3,38,35,0,1,0
2.8760422277588207,9,44,33,0,0,0
3.9853267883803376,4,19,32,0,0,0
3.452227141577554,3,23,34,1,0,0
4.924785994536508,0,26,26,0,0,0
4.605297307839272,7,29,16,0,1,0
4.595821761777845,0,44,35,0,1,0
3.6717328994874254,4,26,13,1,0,0
3.537048755844163,5,25,32,1,0,0
3.1835176798267657,5,6,22,1,0,0
2.640938741627318,4,41,21,0,1,0
4.661805940637633,2,46,10,1,1,0
4.532252522825194,4,37,30,1,1,0
4.999294183215326,7,4,28,0,0,0
4.991592092684764,1,22,30,0,0,0
3.8885792640065686,5,27,29,1,0,0
4.422468537951277,8,33,27,1,0,0
4.8619143247060705,7,14,20,0,0,0
4.624118476693528,10,31,29,1,1,0
3.118370254357994,7,25,12,0,1,0
3.6263603382752336,7,47,38,0,1,0
2.8228985378787375,6,30,26,1,1,0
4.885127568146806,7,18,21,1,1,0
4.0154365861272,5,8,19,1,0,0
3.0716070137586566,1,28,17,1,1,0
4.179251711014642,1,38,24,0,0,0
4.04532060114474,7,3,14,1,1,0
3.395406795082101,10,2,13,1,0,0
2.7838939804990726,0,28,35,1,0,0
4.178932988981999,5,10,37,0,0,0
3.8007692522594834,5,32,30,1,0,0
4.4307959793390985,10,37,29,1,0,0
3.8004087527799832,3,10,28,0,0,0
4.630453750796351,10,26,30,0,1,0
3.879767096936214,10,32,13,0,0,0
3.902344928838466,9,20,24,0,0,0
4.691634006645863,2,38,26,0,1,0
3.5087071655309927,10,30,21,1,0,0
2.835038071126602,2,37,12,0,1,0
2.5719566907833475,0,45,19,0,1,0
4.387843139184048,2,1,24,0,0,0
4.050773878383662,3,26,19,0,0,0
4.260199420248059,10,35,33,0,1,0
3.0324104037722766,10,10,32,0,0,0
2.8409286889669243,4,46,27,0,1,0
2.536361664169705,2,17,10,0,0,0
3.376468897016492,5,0,12,1,1,0
3.9747942171365827,10,34,30,1,0,0
3.4806101127493307,4,34,35,1,0,0
3.5936873050593228,2,30,40,0,1,0
4.760396736234371,5,27,36,0,1,0
3.370638667558251,5,38,21,0,1,0
3.784973722899527,7,0,10,1,1,0
4.459132531852857,1,24,12,0,0,0
3.4913569558031754,0,42,12,0,1,0
4.0552167505696834,3,37,14,0,1,0
4.655909271866863,6,19,28,1,0,0
4.8738015591441055,10,2,38,1,0,0
2.8676837023225947,9,1,34,0,1,0
4.816469062903736,2,17,10,1,0,0
3.7302907326988457,2,43,13,0,1,0
3.145610970747396,4,9,38,0,0,0
3.647839390595653,4,4,38,1,1,0
4.950081438213693,9,8,35,1,0,0
3.731545234982174,2,1,35,1,1,0
3.3218790257187703,8,33,13,1,1,0
4.083502135791814,3,37,26,0,0,0
3.100364046945483,2,30,23,0,0,0
2.68965832027166,10,9,27,1,1,0
2.822199304776623,1,11,36,1,1,0
2.820114597394431,9,35,10,0,0,0
2.8797567337807357,10,20,31,0,0,0
2.8470679316235254,8,48,25,0,0,0
4.102186862008036,3,46,12,0,0,0
2.954700210997862,2,5,32,1,0,0
3.364168208309658,6,47,30,1,0,0
4.7419710247650295,7,48,18,1,0,0
3.6849041006571808,10,2,32,0,0,0
4.168894346302568,1,9,13,0,0,0
2.9307996780040746,6,4,30,1,1,0
2.980722547021677,4,45,14,1,0,0
2.6021715406661974,10,25,20,1,0,0
2.922337657680411,4,20,40,0,1,0
3.1964758475798964,2,44,30,1,1,0
2.942526210691867,4,25,35,0,1,0
2.721756334392639,1,37,18,1,1,0
2.801589677751502,3,43,35,1,1,0
3.6519469200818144,5,25,12,1,1,0
3.0158342960144813,0,7,15,0,0,0
3.4106746526201888,9,4,33,0,1,0
3.7585431771371423,3,14,20,0,1,0
4.225987071573414,5,15,18,0,1,0
2.5982803496027476,8,0,38,0,0,0
4.498525997272607,10,15,24,0,1,0
4.0697509737272695,10,36,32,1,0,0
2.7043975798721798,1,2,37,0,1,0
4.683946560266943,10,46,12,1,1,0
4.802181001329533,6,30,10,0,0,0
2.6526948996371593,5,12,29,1,0,0
3.1921941203680095,1,15,38,1,1,0
4.515503199482653,7,42,31,0,0,0
4.370649225959146,6,20,28,1,0,0
2.961302548390943,10,1,23,0,1,0
3.0233733083417755,4,26,26,0,1,0
3.426180256978455,4,37,31,0,1,0
3.7113074629775533,6,25,23,0,0,0
4.04563692882574,8,37,26,1,1,0
3.4222840989244308,10,45,34,0,1,0
3.65633679033287,8,24,36,1,0,0
4.368677345334391,8,10,23,1,0,0
2.5917080072264946,5,7,21,1,1,0
3.131092360860052,9,7,25,0,0,0
4.283373964711381,5,32,10,1,1,0
4.738017094217998,2,6,22,0,0,0
3.7791936052891653,0,37,15,1,1,0
3.830283713163289,6,20,26,0,0,0
2.76793002834944,3,7,21,0,0,0
3.618530917058637,0,20,32,0,0,0
3.831543166137558,7,19,28,0,0,0
3.106176259086824,5,7,15,1,1,0
3.1731080773734526,5,45,16,1,0,0
3.4432104077615566,1,30,10,0,1,0
2.550177994444316,0,28,10,1,0,0
3.3051979139579455,1,47,38,0,0,0
3.0286200174913613,3,8,14,0,1,0
3.3187433804447863,1,14,15,1,0,0
2.799405329548128,0,29,40,0,0,0
4.726318201849738,6,25,25,0,1,0
3.9839811338851217,10,9,40,0,0,0
4.197755797861224,10,28,34,0,1,0
4.472928096518346,7,15,25,0,0,0
3.746105497322643,5,35,23,1,0,0
2.7173007202185593,3,19,10,1,0,0
3.8427663545463693,5,44,22,1,1,0
3.967102795052198,2,36,29,0,0,0
4.3635986854608255,7,21,19,0,0,0
3.5791488655741985,9,6,33,0,0,0
2.8189507569889094,1,22,19,0,0,0
3.2094397644968113,4,40,18,0,0,0
3.4077057409965876,0,39,40,0,0,0
4.114793103329003,5,28,22,1,0,0
3.92694576167228,1,15,12,0,0,0
3.3902418147446154,3,37,36,1,0,0
4.9662881219824495,5,27,27,0,1,0
4.014437048392217,9,47,29,1,0,0
3.0930669793399863,10,37,11,0,1,0
2.754456181551009,7,30,26,1,1,0
2.8821478479608302,7,13,37,1,1,0
3.1148943209612705,10,32,28,0,0,0
2.901703433148889,5,8,32,0,1,0
2.9664175601282645,3,26,22,1,1,0
3.2127379217346177,7,23,22,0,1,0
2.933433988236887,7,12,10,0,0,0
4.741913561566063,9,25,11,0,1,0
2.7005843641541056,0,28,10,1,0,0
3.8112784739256367,3,48,33,0,1,0
3.525992067474154,3,42,14,1,1,0
4.955946542271516,6,27,33,1,0,0
2.780097255420131,10,27,12,0,0,0
3.494638997614354,6,7,38,1,1,0
4.923676083188422,10,22,37,0,1,0
4.663767814734951,7,28,16,0,1,0
4.5426801773731995,10,4,33,1,0,0
3.1447570676123497,4,41,40,1,0,0
2.9272189684751644,6,6,31,1,1,0
4.171608049811077,7,41,22,1,1,0
4.8234399728189645,8,35,38,1,0,0
3.8919072325348245,2,40,32,0,0,0
3.9290317236747496,2,26,39,1,1,0
3.1999477341507103,3,45,37,0,0,0
4.423732332979842,4,1,27,0,1,0
2.9676093713938085,9,24,33,1,0,0
3.309198091010609,0,8,30,1,1,0
3.563591096541042,6,26,16,1,1,0
3.7690259467111376,8,0,10,1,1,0
3.1060243310377005,7,22,14,1,0,0
2.787092061848009,4,9,26,0,1,0
4.026550106104081,3,41,37,0,1,0
3.2215763831006394,6,24,38,0,0,0
3.9530955535565306,4,2,17,1,1,0
2.8859067881855056,6,5,24,1,1,0
3.7028502546370436,0,5,29,0,1,0
3.8314735813789644,0,1,13,1,0,0
2.6295588420560674,9,17,11,1,0,0
3.3415106954848017,2,22,14,1,0,0
2.8360366923474354,10,1,10,0,0,0
2.6584374261819192,1,11,34,1,1,0
4.974900580974863,1,21,14,0,0,0
3.3058846124368073,6,36,15,1,0,0
4.524686114636587,9,19,11,1,0,0
3.1366016369094094,1,38,35,0,1,0
4.203756805559824,10,23,35,1,1,1
4.400569649724217,3,47,10,1,1,0
3.989096851519611,1,19,13,1,0,0
3.678940471375396,5,0,16,0,1,0
3.5296022853681714,7,0,31,1,1,0
3.372170666357488,9,16,35,1,0,0
4.823822860619565,3,0,10,1,1,0
4.576548519469323,4,44,10,1,0,0
4.912567276666282,3,29,17,1,0,0
2.8107430587138618,2,40,29,0,1,0
4.3271686880091105,4,46,25,0,0,0
4.845851142052595,8,2,30,1,0,0
2.95308266541415,7,45,22,1,0,0
2.6662406684169437,7,10,32,0,0,0
4.352801623225147,7,23,33,1,0,0
3.9361827829497797,7,21,40,1,0,0
4.60457194189568,6,43,35,1,1,0
2.849430941565724,7,44,32,1,0,0
4.4881682796497255,10,25,27,1,0,0
3.0040683001193615,7,12,39,1,0,0
2.909139857164261,7,0,40,1,0,0
2.9106644948274822,9,23,29,1,1,0
4.536436800578455,6,9,19,0,1,0
4.1629930517405,0,34,21,0,0,0
3.8076635619227983,3,23,10,1,1,0
3.3970762103087564,3,27,19,1,0,0
4.693001352032771,4,35,18,1,0,0
3.4811127685565886,9,15,12,1,0,0
4.541498598678943,5,39,37,0,0,0
3.597837271425546,3,15,28,0,1,0
3.442361073562269,1,16,35,0,1,0
3.6566994641740163,5,14,18,0,0,0
3.253444685410355,7,15,19,1,0,0
4.369023450440627,7,14,28,1,1,0
3.756800975231198,6,33,25,1,1,0
3.080531737867043,5,10,33,0,0,0
4.748936433186421,1,0,27,1,1,0
3.459728053433029,6,14,23,1,0,0
3.8588821527849717,10,25,38,0,1,0
4.766180277411367,4,3,12,0,1,0
4.06059498978498,5,42,11,0,1,0
2.7922451017709102,9,4,10,0,1,0
4.849580309033688,7,34,27,0,0,0
4.069270132678545,7,12,33,1,0,0
3.3372640366427153,2,9,18,1,1,0
2.848180181658468,6,10,22,0,0,0
4.48506297317574,0,17,11,1,1,0
4.050181889821284,0,33,16,1,1,0
3.8336527299408036,6,38,25,1,0,0
4.734731457627394,9,40,40,1,0,0
4.471493028061326,8,41,30,0,0,0
2.879187199331878,6,22,28,1,1,0
3.279305169488871,9,6,34,1,0,0
3.1212228495361645,4,38,24,1,0,0
4.359865731431692,7,2,31,0,0,0
2.5838310868394485,1,11,20,1,0,0
3.9247242121782913,8,6,10,0,1,0
4.406146714351726,5,48,30,0,1,0
4.691914091904374,8,25,16,0,1,0
3.3552043717897684,1,32,29,0,1,0
4.553143261680033,2,36,17,1,1,0
2.7765793423880183,7,47,19,0,1,0
4.616130729336295,0,14,14,0,1,0
2.818721655829956,9,1,18,0,0,0
3.493218226400918,6,40,34,0,1,0
4.493238414448884,6,6,34,0,1,0
2.8747935683719343,0,31,10,1,1,0
3.0731284880816037,8,3,11,0,1,0
4.305631420982666,7,19,28,1,0,0
4.300091341365186,3,35,23,1,1,0
4.102869082213243,9,31,29,0,1,0
4.234871111167751,10,27,19,1,0,0
3.8568111083689907,4,12,18,1,1,0
3.1294976472673817,1,0,19,1,1,0
3.3642399837597985,8,34,38,0,1,0
2.9539942920035642,5,47,15,0,1,0
4.771126403334071,2,29,26,0,1,0
3.958479486915301,6,35,37,0,1,0
3.5021285419090997,8,24,34,0,1,0
3.6550145091103317,2,15,15,0,0,0
4.868208349029539,1,18,13,0,0,0
2.8833785077902006,6,0,39,1,1,0
3.9655745800419933,6,4,29,1,0,0
3.764721697211165,3,21,12,0,1,0
4.02863558858662,10,23,32,1,0,0
2.5452754595521014,8,42,28,0,1,0
4.680309772360379,7,44,27,0,0,0
4.83029570620903,0,36,35,0,1,0
3.9128329589730226,0,35,33,1,0,0
4.241627059692231,4,35,13,0,0,0
4.806248452943239,5,3,17,0,1,0
4.268096585783496,2,35,26,0,1,0
2.881347607285653,8,17,40,0,0,0
3.940720900417033,9,15,14,1,0,0
4.01678761595714,5,40,22,0,1,0
3.560326678255965,3,17,34,1,0,0
4.341110589061807,6,21,10,1,1,0
4.835917536922537,7,1,36,0,0,0
4.813921282266941,8,20,22,0,0,0
3.6270984285103305,10,35,13,1,1,0
2.7830951146018883,5,43,31,1,1,0
4.962102997405836,5,38,35,1,1,0
4.597245216114835,7,46,33,1,0,0
2.811656703008167,4,38,23,0,0,0
4.802104706543431,2,28,12,1,0,0
4.674740905155321,2,25,14,1,1,0
3.7970951428151802,5,20,16,1,0,0
3.9781885893623232,1,16,10,1,0,0
3.4975067596753258,5,15,40,0,1,0
2.636904097055078,5,30,32,0,0,0
3.3379931041147524,7,8,38,0,0,0
4.507133621495028,6,30,21,1,1,0
2.511580057511507,7,13,20,1,1,0
3.3337479292278607,8,48,33,0,1,0
3.4954217339773583,5,36,17,0,1,0
3.8434890073448074,2,1,34,1,1,0
4.799639041031901,9,47,15,0,1,0
3.3658649859149032,2,45,37,1,1,0
3.367383004740569,10,13,31,1,1,0
4.343753120274371,0,32,11,1,1,0
3.630544852224518,10,34,28,1,0,0
3.061512057349955,4,38,29,1,1,0
3.6310987903317336,3,46,29,1,1,0
2.8521425509494995,8,19,33,0,0,0
2.9409674662655583,8,1,23,0,1,0
3.7459194318486992,4,40,10,0,0,0
3.5473136237613696,9,18,19,1,0,0
4.78711475267025,3,36,25,0,1,0
3.4059847477915826,6,17,39,1,0,0
3.951470875695109,5,15,13,1,1,0
4.080660719798826,3,3,36,1,1,0
2.532736141470834,9,11,37,1,0,0
4.1588434300417765,1,28,38,0,0,0
2.9450899171743785,0,6,20,0,0,0
4.902675793673637,3,13,25,0,1,0
2.8716568193827823,3,11,36,1,1,0
3.5365603093175593,0,34,29,0,0,0
2.7133741701966096,5,4,10,0,1,0
4.992185629614868,3,16,25,0,1,0
3.7554875258281064,0,41,28,1,0,0
3.9884625433001095,0,31,30,0,0,0
2.6676911934710685,0,9,31,1,0,0
4.374901175997945,7,42,18,0,0,0
3.0247639827389645,9,16,18,1,0,0
4.745135723601784,7,4,18,0,0,0
3.012849101205018,1,44,36,0,0,0
2.976719301659166,10,41,26,0,0,0
2.591374169620237,6,8,21,1,0,0
3.680167362774998,7,48,34,0,0,0
3.912102833156541,7,32,22,0,1,0
2.664271598570881,10,35,17,1,1,0
4.438819041737526,9,35,25,1,0,0
3.6332220868700693,10,17,27,1,1,0
3.81097567331895,6,8,38,1,1,0
3.60190686734557,4,28,36,0,1,0
3.501907652188315,0,13,10,0,1,0
3.899100828270545,8,24,10,1,1,0
2.888100614826781,6,14,21,0,1,0
2.9548203262381776,1,5,15,1,0,0
4.654464052533793,5,41,18,0,0,0
4.865288655334082,1,28,32,1,1,0
3.4332732906993826,0,14,14,0,1,0
3.1768616828588847,6,28,36,1,0,0
4.109998858097539,1,3,25,1,1,0
3.5218354277452413,1,17,27,0,1,0
2.563465889150862,10,48,26,0,1,0
2.890381493415476,4,43,27,0,1,0
4.289930572118494,4,38,10,1,1,0
4.147309854775378,6,15,28,0,0,0
2.5677399812587085,0,10,31,1,0,0
3.0549304048323735,7,13,38,0,1,0
3.0776869914701788,2,2,17,0,0,0
4.179731858996821,3,41,12,1,1,0
2.5492763443859103,8,37,35,1,1,0
2.7602714549614347,3,44,34,0,1,0
4.4997902134329735,9,41,35,1,1,1
2.946361655135834,4,17,14,1,1,0
4.131865269629687,6,19,32,0,1,0
3.095456952616816,3,47,17,1,1,0
2.748603481898363,0,24,28,0,1,0
3.107930477498635,8,37,27,0,1,0
4.305667329639148,3,12,27,1,0,0
4.639241170265715,8,3,30,0,1,0
4.5755496614174795,5,13,40,1,0,0
3.492958824046137,0,32,10,0,0,0
4.170212841426615,2,27,24,1,1,0
3.0124607385395525,10,36,27,1,0,0
3.2328693256525334,1,7,38,1,1,0
4.7408395463028,8,43,34,1,1,1
2.53250480877684,0,33,16,1,1,0
2.71377132713617,8,43,25,0,1,0
3.019715637865068,8,4,40,0,0,0
2.5663305096845495,7,4,25,1,0,0
2.9535885877244934,7,30,24,0,1,0
3.95760390242423,10,44,15,1,0,0
3.5535613764812446,0,8,18,1,0,0
4.731679277692438,10,41,16,0,0,0
4.543608904346103,7,31,23,0,1,0
3.35454337924469,9,32,20,1,0,0
3.1485585835782315,2,2,30,1,0,0
3.4492310204181673,10,29,40,1,0,0
3.975737356287019,6,11,25,1,1,0
3.1701591020571906,10,28,34,1,0,0
4.060372269622835,0,2,15,1,0,0
3.523529130478101,0,25,31,0,1,0
3.8801179521299507,9,29,36,1,0,0
3.5903163228382917,4,8,25,1,1,0
3.236164398854794,4,25,29,0,1,0
4.8711332674053915,7,1,38,1,1,0
4.4090144853994016,6,2,25,1,1,0
2.8502829394161315,7,45,21,0,1,0
4.671169939744782,5,3,26,1,1,0
3.718577995623784,5,24,14,0,0,0
4.736380567235228,1,12,36,1,1,0
4.4996381398682885,5,38,34,0,0,0
3.5630337611730836,4,43,22,0,0,0
2.5561732708002936,2,34,17,0,1,0
3.171693398462365,5,22,33,1,0,0
3.8540855366521676,7,8,14,1,0,0
4.083695549565368,8,1,21,0,0,0
3.1447192135830058,0,40,18,0,1,0
2.84839018518206,2,43,12,1,0,0
4.587325591998248,2,30,12,1,0,0
4.96100545175888,10,43,10,1,1,0
3.8142254557567146,7,46,34,1,0,0
2.929198214620759,0,1,31,1,0,0
3.1807683162984226,4,31,27,0,0,0
2.5459766913686668,2,17,33,1,1,0
4.785747016401247,1,12,21,0,0,0
2.794377707225353,7,45,18,1,0,0
3.941291188785634,2,4,18,0,1,0
3.185138051718015,6,41,27,0,1,0
3.8854450062894834,10,43,27,1,1,0
4.128550970879661,0,9,38,0,0,0
4.574354509268004,5,42,16,0,1,0
3.016053179401508,2,24,36,0,1,0
2.527489571646201,7,33,13,0,1,0
2.842214075172018,5,36,22,1,0,0
4.7500466046202625,1,29,26,0,1,0
4.684725193906289,5,6,33,1,1,0
3.993532755425771,6,5,11,0,1,0
4.001292151084133,4,2,23,1,1,0
4.162591686365639,2,12,12,1,1,0
2.938428196558624,3,2,14,1,0,0
4.7860298648124,3,25,23,0,0,0
3.546926312230183,5,23,12,1,1,0
3.4578463206237435,9,5,32,1,1,0
3.797294263207094,0,42,16,0,1,0
2.6174149169376375,10,48,39,1,0,0
2.9157084218901987,3,41,27,0,0,0
4.345084041065926,9,11,22,0,0,0
2.706996669812816,3,48,38,1,0,0
4.00788027366597,9,35,32,0,1,0
3.1133727742033024,0,1,36,0,1,0
3.4732390351049416,8,10,31,0,1,0
3.2217343419267497,3,38,19,1,1,0
3.3891817911623727,6,33,34,0,0,0
4.297614762960613,2,25,22,0,1,0
3.2428042890579376,9,17,25,0,0,0
3.9160116007422427,2,20,18,1,0,0
3.690126005497749,7,35,11,0,1,0
4.15917791340662,7,39,32,1,0,0
4.842074348311895,10,45,14,0,0,0
4.3314302430256255,0,43,38,1,1,0
3.037350946476892,9,21,31,1,0,0
2.5779578376532117,1,29,26,1,0,0
3.1556601107495625,7,42,32,0,1,0
3.987694826750637,0,29,31,0,0,0
2.628564533710626,7,7,13,0,0,0
3.7409156180030907,7,33,26,1,1,0
3.9921071222922233,1,46,18,0,0,0
3.335609727042402,3,8,29,0,1,0
4.427280509364555,5,19,11,1,0,0
2.7664956328344297,10,39,33,0,0,0
2.6878444543395217,8,24,27,0,1,0
4.320471890509008,7,18,30,1,1,1
3.738728290515496,7,4,36,1,0,0
4.22100599106934,6,10,31,0,1,0
3.5870683465093656,8,14,20,1,0,0
3.1160050830977672,1,7,22,0,1,0
4.547755794185499,2,18,17,0,0,0
4.498539697422448,9,22,36,0,0,0
4.236741177136067,7,26,10,0,0,0
3.1803628430749065,5,39,26,0,0,0
3.9755766671727177,9,31,21,1,0,0
3.402434742350067,8,25,13,1,1,0
2.7289551833165855,9,26,30,0,1,0
4.793283938655607,3,18,22,1,0,0
2.8420465772974035,7,41,40,1,0,0
4.8755933845520065,9,28,38,0,1,0
3.615014432394889,2,38,18,1,1,0
2.962832322096549,2,40,36,1,1,0
3.8547523684458955,7,32,39,0,1,0
4.682364589691021,4,18,16,0,1,0
4.330562216023903,2,36,32,0,0,0
4.516402869653625,9,18,33,0,0,0
4.146958416776793,10,32,40,0,1,0
4.230691411294631,0,46,14,0,1,0
4.622989128913298,2,15,14,0,1,0
3.1241700221479647,8,22,26,1,1,0
3.723562409107851,4,6,39,0,1,0
3.0530236045490056,9,25,18,1,1,0
4.969170019991617,1,31,15,1,1,0
4.860148349216534,6,11,34,0,1,0
2.5985670284212645,1,7,28,1,1,0
4.263937931289221,3,4,25,1,0,0
4.813120793539165,6,41,30,1,1,0
2.951438362818334,3,27,11,0,1,0
3.9198630763815734,6,4,19,1,0,0
4.788720743970105,6,48,25,1,0,0
2.584864946464497,0,25,14,0,0,0
4.2435506681171,5,4,24,1,1,0
3.243372518431377,8,21,22,1,1,0
4.810990488441326,1,14,22,1,1,0
4.92764561291342,2,12,22,1,1,0
4.860666222783585,9,27,24,1,0,0
3.6855355416436595,4,32,23,0,1,0
4.655106627473284,8,42,17,1,1,0
4.611373496337675,3,22,20,0,0,0
3.297751183108139,0,32,27,1,1,0
4.5722886853766935,3,42,33,0,1,0
2.5925190867887316,5,17,13,0,1,0
3.9906746962051325,4,29,35,0,1,0
3.075022093219258,0,25,19,1,0,0
2.8014172144431972,3,15,40,1,0,0
2.692383004073023,5,12,10,1,0,0
4.24072193969535,9,38,38,1,0,0
3.3496874094201656,9,32,14,1,1,0
4.311916928821904,3,25,22,0,1,0
2.663390851997356,8,47,10,0,1,0
3.288225844576526,4,0,32,0,0,0
3.848728230938343,7,48,17,1,0,0
4.476807912097409,8,37,12,1,0,0
3.296881257330175,9,1,12,0,1,0
4.064728441092523,4,48,16,1,1,0
4.714944370590468,5,5,13,1,0,0
4.039657970455761,0,45,12,0,0,0
3.0823986868840842,10,37,24,0,1,0
2.561001953891345,6,41,17,1,1,0
4.675247184752324,3,23,12,1,1,0
2.553173527125968,10,17,38,0,0,0
4.686754181710499,1,26,39,1,0,0
3.8223428350680297,4,40,16,0,0,0
4.847669246282241,2,7,27,0,0,0
4.496958089434163,5,27,20,0,1,0
4.994835276333344,7,9,20,1,1,0
3.3767795386292754,6,16,26,0,1,0
4.4179707223278175,2,28,37,0,0,0
3.504827284023105,7,5,15,1,1,0
3.699689050759772,1,13,17,0,1,0
4.068763658045925,9,21,10,1,1,0
4.6841927854658465,8,5,38,1,1,0
4.960208672998238,3,25,19,1,1,0
4.420683534661295,0,38,37,0,0,0
3.5444169554183347,7,11,34,0,1,0
3.5533925056926754,6,34,40,1,1,0
4.343955753972229,10,13,28,1,0,0
3.0969428644207557,4,21,12,1,0,0
2.7761852828284868,9,22,13,0,1,0
3.3865553941019413,4,47,20,1,1,0
3.2180974791352046,6,6,24,1,1,0
3.240770301139975,4,39,10,1,1,0
3.0840193776247746,7,24,18,0,0,0
2.605232974090905,10,12,20,1,1,0
2.5446848368335346,5,20,28,0,0,0
4.969305974340079,4,40,22,0,1,0
3.569432834339656,8,9,35,1,1,1
3.460816617899204,10,8,25,1,1,0
4.199118206732675,1,14,13,1,0,0
3.0456347196626603,0,1,10,0,1,0
4.8749029598755635,7,24,29,0,1,0
4.46586253603888,2,12,22,0,0,0
2.7235275057806487,10,33,10,1,1,0
3.543951939462321,6,33,14,0,0,0
4.6977957689054115,9,34,14,1,1,0
4.861830055728525,10,37,23,1,0,0
3.6685037781246743,7,2,36,1,0,0
4.033528473026769,5,41,32,0,0,0
2.917584865230188,9,5,23,0,1,0
4.977921565342442,8,47,17,0,0,0
3.0791792534586087,6,48,13,1,0,0
4.856829435337814,9,18,16,0,1,0
4.124116622480921,4,2,29,0,0,0
4.019341987197148,7,17,28,1,1,0
3.7817212775412714,1,38,24,1,1,0
3.0766745292943964,6,8,31,0,0,0
2.941320080013771,3,11,13,1,0,0
3.0512155226754385,8,4,39,0,1,0
2.966095655360636,0,2,28,1,0,0
4.448961183916883,6,10,40,1,0,0
3.3753131479168252,5,29,40,0,0,0
2.644606691408491,7,3,18,1,0,0
4.922756575352029,4,4,30,1,1,0
4.709464712408565,0,0,22,1,1,0
4.819380707988032,0,26,23,0,0,0
4.987269556616088,8,27,32,1,1,1
2.934738123048718,9,28,37,1,0,0
3.490605047256647,5,17,23,0,0,0
4.395596189260228,9,11,31,0,0,0
4.240051545134481,4,12,19,1,0,0
2.8847397658496376,0,40,25,1,1,0
4.539582812476544,5,1,40,1,0,0
3.061101429591652,5,36,14,0,1,0
3.0595440370565576,2,44,32,1,0,0
3.8424360572335337,7,15,36,0,1,0
3.982349837104258,0,47,15,0,1,0
3.950215519594528,0,23,35,1,1,0
2.728717093494387,5,34,11,1,1,0
4.693652156575951,9,21,22,0,0,0
3.1640001064717653,0,35,38,1,1,0
2.8237873032070104,5,10,22,1,0,0
4.721870199672443,0,45,28,0,1,0
4.889128745574384,5,28,27,1,1,0
4.655319043163626,2,34,37,0,1,0
4.523790186812195,7,47,28,1,0,0
4.138104951597555,5,14,10,0,1,0
3.8771434265228484,10,30,17,0,0,0
2.7174668997785254,0,41,31,1,0,0
3.5211330326767465,4,40,25,0,0,0
3.431721292530785,7,42,38,0,1,0
3.1493844594008156,2,15,11,1,1,0
4.308550284221463,5,9,17,1,1,0
3.739689337696927,4,48,15,1,1,0
2.70261553976912,5,31,25,0,1,0
3.0504580048745282,9,1,32,0,1,0
4.20814690914899,0,23,20,0,1,0
2.6903271487257503,6,22,26,1,0,0
4.628017285121922,8,1,32,0,1,0
3.7378663175349356,1,37,28,0,0,0
3.70146644331662,9,30,20,1,0,0
3.9810194616487937,4,39,37,0,1,0
4.561702414812872,9,25,17,1,1,0
3.3695230197554826,3,28,31,1,0,0
4.195040381397659,5,2,13,1,0,0
3.914329909989478,5,13,20,0,1,0
3.167570675423553,10,24,17,0,0,0
4.696574965887895,1,47,18,0,0,0
4.493565054017321,1,0,35,1,0,0
4.1461295866460635,3,2,11,1,0,0
4.626454322735604,0,25,25,1,1,0
4.668235502399506,8,17,40,0,1,0
4.270907441787587,6,8,15,0,0,0
4.59253332090918,6,37,30,0,0,0
4.243678654173209,2,22,30,0,0,0
4.200351929400751,10,20,35,0,1,0
4.046528445537961,2,0,36,1,1,0
4.381791598894103,0,20,28,0,0,0
2.896512763232684,2,26,37,1,0,0
4.702176897997321,2,41,17,1,0,0
4.6796088193630805,3,5,23,0,1,0
2.573118207586398,3,43,33,1,0,0
4.564541876411907,2,35,25,0,0,0
2.822174668683613,9,27,21,0,0,0
3.337797135647855,7,44,14,1,0,0
4.35877064072902,7,16,33,0,0,0
2.9018997401207707,0,39,35,0,1,0
4.544917560297655,6,2,40,1,1,0
4.580335444894355,10,11,33,1,1,1
3.7686693344020905,1,38,28,1,0,0
2.515964679292084,0,11,27,1,1,0
3.217595332937282,2,1,18,1,0,0
4.042317295939355,3,45,11,1,1,0
4.952965445068559,5,21,34,0,1,0
4.079533817541671,9,22,29,0,0,0
3.1495089526603994,4,29,21,0,0,0
4.0850142577490285,3,4,38,1,0,0
3.8499634492896386,7,8,11,0,1,0
4.449613487877859,10,20,19,1,0,0
2.767451597067396,3,10,10,0,1,0
4.40256975625507,9,4,13,1,1,0
3.8531664466902757,1,34,34,0,1,0
4.907480009647486,2,26,21,1,0,0
3.3546804150967153,5,48,18,1,0,0
4.081554732834871,7,1,13,1,0,0
4.830070263775044,7,23,18,1,1,0
2.756274319976698,10,30,40,0,1,0
4.8430712180911275,8,32,37,0,0,0
4.219714305752033,6,38,15,1,1,0
2.6695926477629297,1,29,10,1,1,0
3.2524089173670405,7,45,19,1,1,0
4.2704302216132035,6,36,38,0,0,0
2.6683765036719294,7,27,23,1,1,0
3.955426150440683,2,30,31,1,1,0
3.364707642382392,6,10,34,0,0,0
4.0522887944186925,9,22,38,1,0,0
2.614355084531282,8,1,27,1,0,0
4.6788420153809405,2,39,15,0,0,0
4.933722422943492,9,40,27,1,0,0
4.922194638214229,5,26,29,1,0,0
4.374129579357312,1,34,25,0,1,0
2.82521560032658,1,1,24,1,1,0
4.395657989822556,4,38,25,0,1,0
2.5614672911470038,4,36,17,1,1,0
2.555308878822493,6,20,22,1,0,0
3.309025547873853,1,4,32,1,1,0
3.7216079760116645,10,44,20,1,0,0
4.426018544519483,6,20,37,1,0,0
4.208238441516263,4,28,38,0,1,0
3.6147567659418707,5,19,34,1,1,0
3.1840666657041647,7,37,16,1,0,0
4.992811250394277,9,19,26,0,0,0
3.565453255589932,3,24,27,0,0,0
3.6284675608241885,6,1,31,1,0,0
2.9090595529791727,5,31,32,0,1,0
4.487023871874824,9,25,28,1,0,0
4.234205564453721,1,5,34,0,1,0
3.051924031971901,7,40,22,0,0,0
2.7059526140396066,9,2,24,1,0,0
4.2012482551867825,8,32,32,0,0,0
4.136278035702838,4,0,39,1,1,0
3.1831488174955234,9,4,31,0,0,0
4.877158905626025,3,12,38,0,1,0
2.8776447294522507,5,18,31,0,1,0
3.580837002606505,7,11,10,1,1,0
4.859039800418997,10,47,38,1,0,0
3.5493182923153057,2,24,25,0,1,0
4.096314869160214,9,34,14,1,1,0
3.4939859949069856,10,11,35,1,0,0
3.185538005871675,10,29,12,1,0,0
4.95994411989957,0,4,32,0,1,0
3.5233350157876075,3,33,19,1,1,0
4.735248009197836,3,21,28,0,0,0
3.0748865147277153,0,38,14,0,1,0
3.032761760062708,8,12,16,0,1,0
2.5778352072112782,2,46,23,0,1,0
4.129167063439713,4,2,12,0,0,0
3.421315859309403,5,19,22,1,1,0
4.6608956245990925,7,30,22,1,0,0
3.683024766728893,5,4,19,0,0,0
4.920483569786804,2,23,11,1,0,0
2.9638137892578027,5,39,15,1,1,0
4.671557919889027,0,32,17,1,0,0
4.441492131979354,3,7,13,1,1,0
4.42730461161013,5,23,34,1,0,0
4.61195807029222,6,19,21,1,1,0
4.402559977357497,10,15,37,1,1,1
4.065550804078539,10,11,24,0,1,0
2.828112194205969,9,12,17,0,0,0
2.58131544872813,2,44,16,0,1,0
4.8021196195392175,8,41,23,1,1,0
4.041625786301845,6,38,32,1,0,0
4.49134322744044,0,24,28,0,0,0
3.7038058787813752,1,45,23,1,1,0
2.793270472405986,0,31,31,1,0,0
2.812964480506376,10,23,22,0,0,0
4.213913218072428,8,47,38,0,0,0
3.5757647372486567,8,46,30,0,1,0
3.001311816750842,6,43,10,1,0,0
3.7289863668535923,9,8,36,1,1,1
2.6605223426878353,2,39,28,1,0,0
3.954928504785997,4,22,38,0,0,0
3.1724835110877443,3,12,37,0,1,0
4.493897751592971,6,31,10,1,0,0
3.2759048973089344,8,14,13,0,0,0
3.638050372704503,1,35,19,0,0,0
2.529051349770252,7,48,12,1,0,0
2.681117219486397,8,4,36,0,1,0
3.481233891016712,9,21,29,0,1,0
3.6998470867928086,9,15,18,0,1,0
4.000051370298259,8,40,12,1,1,0
3.229156446773258,9,9,37,1,1,0
4.237454715316357,6,23,15,0,1,0
4.650305992973012,8,17,15,1,1,0
4.449627472233375,8,48,32,1,0,0
2.599047063370893,2,17,34,1,1,0
3.7012673681445722,3,6,21,0,1,0
2.762325446045437,1,3,32,1,1,0
3.105112539656319,9,25,39,0,0,0
4.966656483167866,2,4,10,0,1,0
2.856238857253783,10,15,25,1,1,0
3.74722038362839,10,34,40,0,1,0
4.0453893357952975,4,25,33,1,0,0
4.25616242636026,4,17,14,1,1,0
3.8991217087172854,5,28,18,0,0,0
2.524427118547959,6,22,19,0,0,0
3.3161532706099797,6,13,22,1,0,0
3.7942791084617786,0,14,24,1,0,0
2.7196662478620834,1,48,21,1,1,0
3.376567328022952,8,32,14,1,0,0
2.5830077719784166,9,24,14,0,0,0
2.6964462428875517,1,20,40,0,1,0
3.49230819050399,5,16,37,0,0,0
2.8317893851076508,10,22,37,1,0,0
3.918852120653895,10,42,39,0,0,0
4.223662422843164,0,16,27,0,0,0
4.501466747772707,2,13,21,0,0,0
3.000375610612025,1,28,36,0,0,0
2.9187064556476745,2,19,12,1,1,0
2.7614196008360006,4,29,35,0,1,0
4.0910756238590915,10,18,34,0,1,0
4.266189316217253,9,38,16,0,1,0
2.578965362064105,5,12,26,0,0,0
4.840530615609225,8,17,28,1,0,0
2.629928209128681,10,22,37,1,0,0
3.853240838252676,9,45,27,0,1,0
4.2726512986272915,3,32,10,1,1,0
4.677422809365214,6,38,34,1,0,0
4.285217330331069,5,39,33,1,0,0
4.50432020767448,1,17,40,1,1,0
3.348625481357015,9,8,14,0,1,0
4.537062784366281,10,32,36,1,1,1
2.7002871159616877,10,31,37,1,1,0
4.737041640151319,10,16,11,0,0,0
3.8689809403843407,7,18,10,0,1,0
4.543244424906234,6,26,16,0,1,0
3.6307957112957503,6,5,38,0,0,0
4.108944237991312,7,34,20,1,0,0
3.816006652340283,10,36,20,0,0,0
4.32897380438833,0,33,40,1,1,0
2.7040749550764738,0,19,27,1,1,0
2.6508802099764095,7,24,26,0,1,0
3.117758085025366,3,3,11,0,1,0
2.898861700282971,4,9,16,1,0,0
4.679458916480504,7,9,16,1,0,0
3.0480349683951107,4,23,19,0,1,0
4.939663139547829,9,20,31,0,1,0
3.342239479427767,3,10,30,0,1,0
2.9552947892217483,5,26,12,1,0,0
4.474246267856198,4,15,39,1,1,0
4.14676943875219,6,25,21,0,0,0
3.7454892911328477,9,29,12,1,1,0
3.8884088773440784,6,48,20,0,0,0
4.298004445680659,3,15,38,1,0,0
3.071136853328247,4,6,21,1,1,0
4.990834790141855,2,15,34,0,0,0
4.936982905366958,3,34,13,0,0,0
4.125814215867342,3,15,34,0,1,0
2.998856127322863,2,39,25,1,0,0
4.200570606078228,9,11,29,1,1,0
2.6804960224479397,4,34,27,0,0,0
2.576631255514515,4,48,40,1,0,0
3.1442072212780343,10,20,13,0,0,0
3.656557391848291,6,42,31,1,0,0
4.670681263520951,3,35,15,0,1,0
4.317922674415771,3,47,30,1,1,0
4.356766302999953,8,16,40,1,1,1
3.5637333361201886,5,31,24,1,0,0
3.3648374813674073,3,40,10,1,0,0
3.4275969074615067,1,5,12,0,1,0
4.969123909340144,5,23,14,1,1,0
2.600272978531206,1,26,31,0,1,0
4.667578740306121,4,19,39,0,1,0
3.9466885214309837,5,24,26,0,0,0
3.596538547973976,3,1,39,0,1,0
4.313144151037841,2,8,23,1,0,0
3.716672353561757,6,27,18,0,1,0
4.683558095204152,1,37,39,1,0,0
4.751754660028146,10,2,12,1,1,0
3.5543023171836383,5,19,35,1,1,0
3.192069493087629,3,5,22,1,0,0
3.9808758214834055,5,38,12,0,0,0
4.780908364041728,3,32,20,1,1,0
3.0266554725141663,3,0,11,0,0,0
4.0574164589087065,3,36,33,1,1,0
4.078900550231301,8,5,24,1,0,0
4.332782556038202,6,44,22,0,1,0
2.8289192128181497,2,33,28,1,1,0
4.289562411705221,2,46,31,1,1,0
4.772581301664102,5,14,25,1,1,0
2.9492077721756047,5,44,27,1,1,0
3.093858312309694,3,25,16,1,1,0
4.928487735104099,8,13,22,0,1,0
2.952442381773724,3,6,13,1,1,0
4.635962733423948,8,45,18,1,0,0
3.730694641120087,3,30,39,0,0,0
3.1180776860079424,1,23,19,1,0,0
4.676874753181279,1,30,18,0,1,0
3.6132631375066637,4,28,16,1,1,0
3.7870433848242255,3,41,24,1,1,0
3.398083423499414,6,31,37,0,0,0
3.9823771285873186,10,16,17,1,0,0
2.908809681462557,4,13,28,1,0,0
3.4777038416294017,5,39,20,0,0,0
4.923530805838219,9,35,14,0,0,0
3.1453335817528187,3,47,11,1,1,0
4.14184166135323,1,23,19,0,0,0
3.312975160561737,9,44,25,1,1,0
4.4336828142165015,8,26,32,0,1,0
2.8271841517958745,9,24,22,1,1,0
4.9245526126963615,6,31,17,0,0,0
3.634473853459098,3,17,18,0,0,0
3.09012615836616,2,45,20,0,1,0
2.683741868325032,9,17,20,0,0,0
2.924394762718852,2,36,32,0,0,0
3.7994348713900443,8,25,35,0,1,0
3.3425079410782157,4,8,40,0,1,0
4.572208414706523,2,34,25,0,1,0
3.5772188091545147,4,7,19,0,1,0
3.121785681469075,1,19,38,1,1,0
4.042862466510075,10,41,33,0,0,0
4.266943042213614,3,21,21,1,1,0
2.9176047697523746,9,18,34,0,0,0
2.919048040720794,1,29,15,1,0,0
2.5916785673338576,1,27,37,1,1,0
4.341005037664101,7,34,21,0,1,0
4.159511319054513,0,42,19,0,0,0
3.6865771893745345,6,10,27,1,1,0
4.610426122422993,4,30,27,1,0,0
4.514175382375133,10,48,13,0,1,0
3.9633859109918803,7,47,40,0,1,0
4.670678201283147,0,38,18,0,0,0
3.0146030250919207,10,35,16,1,0,0
2.77979904849432,6,29,27,0,1,0
3.174374028792474,4,22,17,0,1,0
2.642717140223287,3,18,20,0,1,0
3.82792382000258,6,11,16,0,0,0
4.8415142307374035,9,14,18,0,1,0
2.598358851671274,1,30,17,1,1,0
2.805274785025067,0,42,12,1,1,0
3.630497570708588,0,36,26,0,1,0
4.834687543819762,10,36,11,0,0,0
3.290390262441876,0,14,24,1,0,0
3.768087021720981,4,28,23,0,0,0
2.6039321476259802,9,42,38,1,1,0
2.870858002405222,6,25,27,0,1,0
4.966575307397117,1,43,25,1,1,0
4.912796741090114,9,1,29,1,0,0
2.512349952336024,7,19,31,0,0,0
4.8795294635580975,3,14,13,1,0,0
4.097799844538751,2,3,34,0,0,0
4.669795736300055,9,21,29,1,1,0
3.6368496390846476,10,37,15,0,0,0
3.7889900714481257,7,22,15,0,0,0
3.7221164506423006,1,25,35,0,1,0
4.167160643865261,10,10,20,1,0,0
2.849128136890782,10,27,35,0,1,0
2.574933974681695,2,1,26,0,1,0
3.269824853977977,2,7,33,0,1,0
4.261701906841617,9,28,37,1,1,1
3.004633630307371,10,10,12,0,1,0
4.183581083312293,0,36,40,1,0,0
4.924780115268176,5,17,22,1,0,0
2.734751789473546,1,13,31,1,1,0
4.181505295562816,0,9,12,0,0,0
3.609375548261428,1,34,25,0,1,0
4.670355635943763,5,8,24,1,0,0
2.9428744736184647,3,34,20,0,0,0
4.231564880565411,5,10,27,0,0,0
4.595288224120276,8,43,24,1,0,0
4.861535548685058,9,11,14,1,0,0
4.208120070724115,9,2,25,0,0,0
3.7429369100210685,7,38,39,1,0,0
4.044618100503035,0,13,25,0,1,0
4.672262461196795,7,27,26,1,1,0
3.926524366597074,8,10,18,0,1,0
2.575967649242092,5,38,36,0,0,0
4.827371738767445,9,24,32,1,0,0
4.223816877578903,4,20,12,0,1,0
4.191283464443116,5,9,29,0,1,0
3.0391878809942927,5,42,22,1,0,0
4.147213675581643,8,14,31,0,1,0
3.484661014135396,3,18,12,0,1,0
4.128082442603731,1,47,37,0,1,0
2.766482575769977,10,21,16,1,1,0
4.14461326150759,10,20,38,1,0,0
4.998534314426666,8,43,15,1,1,0
2.62053009715139,1,31,18,1,1,0
4.942935460553294,9,22,21,1,1,0
3.5172699018071762,8,12,24,0,1,0
4.676883625843148,1,4,30,0,0,0
4.455963710145683,7,3,29,0,1,0
3.9175406524666694,8,27,12,1,1,0
4.3461230231283166,9,13,19,0,1,0
4.69628890325337,8,7,10,1,1,0
3.510350804127582,9,8,28,0,1,0
3.3175829039080966,8,34,28,1,0,0
4.168983463908962,1,36,32,0,1,0
4.519614854853146,3,20,32,0,1,0
4.4057128369415395,6,17,22,1,0,0
4.494534122146586,1,32,40,0,1,0
3.5889582870323324,0,7,21,0,0,0
4.544585540437554,2,48,10,1,1,0
2.800522638426521,3,16,28,0,0,0
3.8612227449021237,7,42,38,0,0,0
2.514396651245304,5,30,33,1,1,0
3.3114645747506755,10,33,25,1,0,0
3.416153837178495,1,5,34,1,1,0
3.4904317290231384,8,21,32,1,0,0
4.238668016724656,1,13,32,1,0,0
3.4713952531758645,4,2,37,0,1,0
3.6217340565563267,3,11,24,1,0,0
3.0938603271858187,6,35,25,1,1,0
3.43312947907335,7,11,20,0,0,0
3.0681740681578784,4,44,33,0,0,0
2.682989809421109,9,1,15,0,1,0
4.008621483453445,4,1,20,0,1,0
4.170531996387541,1,14,12,0,0,0
4.0487258650240365,7,22,24,1,1,0
3.658735109501431,1,28,10,0,1,0
3.4494644504480743,9,16,16,1,0,0
4.6583341239295635,5,31,10,0,0,0
3.797704462840545,7,6,26,1,1,0
3.6979546940743275,5,29,18,0,0,0
2.5641051645160893,3,27,38,1,1,0
3.3531195690653908,3,13,35,1,1,0
3.4504890469646425,5,43,32,1,1,0
3.497056952242251,3,29,22,1,1,0
3.950430923068331,7,16,20,1,1,0
3.834006366817196,8,31,38,1,1,1
4.019762731983612,0,45,29,1,0,0
4.412208153855321,3,5,15,1,1,0
4.532464346790234,3,23,10,1,0,0
4.295307690566236,1,5,16,1,1,0
4.888809239887337,5,26,21,0,0,0
2.545581456690904,2,17,40,1,0,0
2.9894449642088654,6,23,31,1,0,0
2.5189071874453552,10,36,29,0,1,0
4.118686785386507,10,23,32,1,0,0
4.745076372374967,4,37,28,1,0,0
3.1087057414407484,3,33,26,0,1,0
4.817586361990767,4,39,13,0,0,0
2.650668475723902,7,46,12,1,0,0
4.836090067013785,2,14,10,0,1,0
3.3790567180990863,6,10,27,1,0,0
2.7535520711230412,5,21,36,1,0,0
3.7146793979658144,0,23,30,1,1,0
3.14194141930127,6,0,24,0,0,0
3.212182254904807,6,17,17,1,0,0
3.2682249123157163,0,43,10,1,0,0
4.507564744581659,8,11,29,0,0,0
3.847903191688136,5,42,23,1,1,0
3.278269247890009,1,27,13,1,1,0
4.025834458277296,4,39,14,1,1,0
4.290376685557984,10,6,32,1,1,0
3.1815600018338346,3,22,22,1,0,0
3.5338727538133785,6,20,37,1,1,0
2.804715233342369,7,33,33,0,1,0
2.9528733738367006,10,10,24,1,0,0
4.202794634912457,10,21,15,1,0,0
2.9535958692390674,0,41,10,0,0,0
3.8129084591676503,4,34,32,1,1,0
4.272615654306081,2,28,28,1,0,0
2.7671923077368596,0,41,40,0,0,0
3.918280549072259,2,27,22,0,0,0
3.1414069592534095,5,17,38,0,1,0
4.90731718809395,6,13,38,0,1,0
3.7088641167998118,7,17,15,0,1,0
4.5149813744378955,10,27,24,0,1,0
3.8755663553906543,3,23,25,0,1,0
2.608531332137048,2,7,33,1,1,0
4.082878438985055,4,41,32,1,1,0
4.878508355516642,8,44,25,1,0,0
4.0040295503658285,5,7,19,0,0,0
4.547972148566975,8,3,31,1,0,0
4.71051615837102,5,26,18,0,1,0
3.070199429872331,1,35,18,1,1,0
3.030112099770567,4,4,26,1,0,0
4.02745247212748,10,32,26,1,0,0
3.527571174516762,8,48,26,1,1,0
4.599653257166801,7,33,33,0,1,0
4.750057808495027,6,29,21,0,1,0
3.3835534482567953,0,7,22,1,1,0
3.092176397436205,3,38,39,0,1,0
4.451313788109655,6,46,21,0,1,0
3.18701508887034,10,25,23,1,1,0
4.556535796284196,6,36,19,0,1,0
3.559345634121907,5,33,32,0,0,0
4.168874748228676,7,6,28,0,1,0
2.7388382845866706,10,39,38,0,1,0
4.059648311691433,5,27,11,1,1,0
3.629419196843073,9,38,13,1,0,0
3.9665211579386854,2,38,28,0,0,0
2.9200355193621585,3,27,16,1,1,0
4.342184362360455,2,13,35,1,0,0
4.656992693858071,0,37,24,1,0,0
3.041849500226939,9,3,24,0,0,0
2.739286388800404,4,41,33,0,1,0
2.559096465115841,0,17,15,1,1,0
4.104928751108165,0,43,12,1,1,0
4.017735090221952,1,47,15,0,1,0
3.866743531785175,3,24,40,1,1,0
3.079867740289939,5,6,25,0,1,0
3.4772649897637864,7,37,11,1,1,0
3.9861908379654327,2,27,40,0,0,0
3.7419171471479236,0,4,37,0,1,0
4.969463800537218,2,2,16,0,1,0
2.8410993813918326,2,43,39,0,1,0
4.237861385118984,4,30,20,1,1,0
3.5107969202607303,10,46,35,0,1,0
3.570499037314037,3,41,39,1,1,0
4.293994414145441,3,19,16,0,1,0
4.231090378310924,8,18,13,0,1,0
4.9781399842554706,6,47,38,1,0,0
2.820985723635313,3,10,33,1,0,0
2.760274123460416,2,39,29,1,1,0
4.310847042821853,5,2,16,0,1,0
3.9459672925160225,2,22,13,0,0,0
3.185401666399515,5,6,38,1,1,0
2.6985484224724665,10,22,21,0,1,0
2.7141456239910764,10,6,14,1,0,0
4.735477186660296,8,45,32,0,1,0
2.9796683117968574,5,33,38,0,1,0
3.308428905288802,3,41,39,0,1,0
3.0666410055674698,4,18,39,1,0,0
3.3874907645798435,5,8,38,0,0,0
2.6735596068652336,10,47,35,1,1,0
3.797649477270676,2,17,28,1,0,0
2.6690314089805374,7,40,35,0,0,0
4.500891269555904,3,47,14,1,0,0
3.0842802047760824,7,44,36,1,1,0
3.8500297865112767,9,41,39,0,0,0
4.700197718903645,9,24,28,1,0,0
4.127193422617985,2,13,30,1,0,0
3.8323944663783385,9,43,39,0,1,0
3.310834382788439,6,24,12,0,0,0
3.3325047826454948,10,18,36,0,0,0
4.173717387995476,8,38,35,1,1,1
4.985348403052919,3,14,20,1,0,0
4.154597974623447,7,15,16,0,0,0
3.8944585434250625,2,26,38,1,0,0
4.326626275598115,6,39,26,0,1,0
3.663014030709295,2,9,34,0,1,0
2.650355856501963,6,3,18,0,0,0
3.9057420396947746,10,18,30,1,0,0
4.89406321126345,9,27,18,1,0,0
2.938257355894149,9,20,19,0,0,0
4.225012227051664,10,46,22,0,0,0
3.002334221647641,10,13,24,1,0,0
3.8395692111827033,5,32,31,0,1,0
2.741691124116799,1,47,40,1,0,0
3.625927340645463,10,9,14,0,0,0
4.390408322238115,2,18,38,0,0,0
3.3689288105974553,5,29,12,1,1,0
4.162279311218045,3,21,36,1,0,0
4.4886249019743225,5,2,36,1,1,0
4.817944548698632,0,36,17,1,0,0
3.0866052046386336,9,40,29,1,0,0
3.4982897895232705,0,17,19,0,0,0
2.8810400333260437,2,10,22,0,0,0
4.981208755395938,7,47,40,1,0,0
4.817502419810738,7,1,38,1,0,0
3.849892825701399,10,11,12,0,1,0
4.605083235941053,3,5,38,0,0,0
3.802394943180105,5,42,31,1,0,0
4.058964220006899,7,39,17,1,0,0
2.7228110802900414,6,43,38,0,1,0
4.38817605124202,10,28,40,1,0,0
2.819283709088087,6,29,18,0,1,0
4.565169075631321,3,1,39,0,0,0
4.455070219175965,8,8,31,1,0,0
4.271861744357441,9,46,30,0,1,0
2.5904009513119055,5,1,21,0,1,0
3.2578208898633214,10,28,20,0,0,0
3.157781424777107,2,32,11,1,1,0
3.4003410186787977,4,9,27,0,1,0
2.7191068669095966,4,33,18,1,0,0
4.8423945575776575,4,43,11,0,0,0
3.8845056017809405,7,7,11,0,0,0
3.263810776645059,8,36,12,0,1,0
3.4924537926857084,8,32,25,0,0,0
3.618006351262089,5,46,28,0,0,0
4.001485833401543,5,5,13,1,1,0
3.789198569241244,8,43,32,1,1,1
4.7984799330360435,3,39,34,0,0,0
3.7424087072645755,5,44,27,1,1,0
4.9803950370582815,3,18,29,1,1,0
4.628562394362739,10,31,34,0,1,0
3.0212762858933395,0,26,39,1,0,0
4.82648803660979,6,0,27,1,0,0
2.79091599471369,9,42,19,1,0,0
4.543624271227979,10,32,20,1,1,0
3.45155823369145,5,39,38,0,0,0
4.694935801112674,8,31,26,1,0,0
4.670141725268626,6,4,35,0,1,0
4.5148135002940535,6,16,33,0,1,0
4.4750760907676534,1,7,34,1,0,0
3.261697847745102,10,41,32,0,1,0
2.7022982076281306,8,33,33,1,0,0
3.5074504469129035,9,8,29,0,0,0
2.9338112874662716,8,22,25,1,0,0
4.237377722256154,5,34,29,1,1,0
3.365249316344464,2,6,22,0,1,0
4.9390255021497875,0,14,11,1,0,0
4.10243019336333,3,19,33,1,0,0
4.556201409085903,2,24,40,1,0,0
2.831311681854621,0,2,36,1,0,0
4.655036205681556,2,45,11,0,1,0
4.8068929762834856,3,23,34,0,0,0
3.7176547970473397,7,33,23,0,0,0
4.015632344377444,8,45,13,1,1,0
4.412024502257489,2,21,26,0,0,0
2.9370965681510315,5,10,22,1,0,0
3.756415191158606,9,47,13,1,0,0
3.496657569430783,10,7,12,1,0,0
2.8659349804056227,4,38,21,0,0,0
3.4188360557288284,5,42,31,0,1,0
2.670430773463734,3,34,32,0,1,0
2.5645297673737173,9,48,17,0,1,0
2.837915722887057,5,45,11,1,1,0
4.907787778972935,6,37,15,0,0,0
3.8738238397375424,8,7,40,0,1,0
4.91455540288305,9,36,31,0,1,0
3.5812446958253297,6,26,19,0,1,0
3.279540332713149,5,27,21,1,1,0
3.7653546571006102,0,39,30,0,1,0
3.5987792215822756,1,33,19,0,1,0
2.76416171065436,0,31,19,0,1,0
4.1020657867255155,8,14,32,1,1,1
3.040095456273999,9,43,12,0,0,0
4.048969887244574,9,16,29,0,1,0
4.125502730995383,8,32,19,0,0,0
2.88006213282162,6,46,38,1,1,0
2.6533740677766704,1,45,18,1,1,0
4.4519039651711,5,15,29,0,1,0
3.6495010594233004,10,28,28,0,0,0
2.6454094887636894,3,8,23,1,0,0
4.987165792924418,0,32,11,1,1,0
2.6444514024909167,0,48,14,1,0,0
4.237588072146383,4,28,29,1,1,0
4.959197313158533,1,12,38,1,0,0
3.097950260539814,3,20,38,0,0,0
2.8556234217179903,0,20,17,0,0,0
2.803462348556072,3,4,16,0,1,0
3.2581878689189887,10,9,15,0,0,0
2.7526145275266165,5,5,20,1,0,0
4.23040335423533,9,12,21,1,1,0
2.655729495325157,3,0,27,1,0,0
3.7735553203744745,0,19,28,1,1,0
4.991742134632442,6,46,19,1,1,0
4.534925673765047,1,45,34,0,0,0
4.038048595577527,8,7,38,0,1,0
3.2656340519665292,2,9,34,0,0,0
4.059739590729096,7,8,40,0,0,0
3.817603659779129,7,48,30,0,1,0
3.5652084597259286,2,40,23,1,0,0
2.8267759418504985,3,2,12,1,0,0
4.716510538101167,1,10,27,1,1,0
3.6244616220533064,3,11,33,1,1,0
2.9865562795519125,10,9,24,1,0,0
3.419398377193224,10,24,15,0,1,0
3.535324381322318,10,48,19,0,1,0
4.568844738917186,8,48,36,0,1,0
4.334035951403505,1,24,21,1,1,0
4.423262234103349,2,10,16,1,0,0
2.527578161071618,10,35,26,1,0,0
3.5403849954494038,10,38,10,1,1,0
3.703360379088309,3,25,35,0,0,0
2.5479806920576418,4,13,27,1,1,0
3.1495330218625854,0,38,35,0,1,0
4.400724557805337,6,39,24,1,0,0
2.8427742643224976,9,0,28,0,0,0
3.8382753286314792,6,3,37,1,0,0
3.0380046800430938,8,29,10,1,0,0
2.530301936609733,3,11,39,0,1,0
3.1030036439988535,5,34,14,0,1,0
4.939684387275134,10,12,24,1,0,0
4.503842779707474,1,30,40,0,1,0
4.898941610802583,3,37,12,1,0,0
3.719635109815906,1,42,10,1,0,0
2.7743404966937586,9,22,17,0,0,0
3.8698987224342325,4,3,21,1,1,0
3.6359433363999023,6,15,36,1,1,0
4.6108927068490395,0,6,31,0,0,0
2.7452064519606116,9,21,34,1,0,0
3.7206028425544453,9,28,28,1,0,0
2.8751216617349606,6,10,34,1,0,0
3.31168981722515,9,32,34,1,1,0
4.343392693469499,5,28,40,0,1,0
3.6900453234219164,5,38,21,0,0,0
3.4397207128644234,7,11,40,0,0,0
3.4861906964250884,7,6,22,1,1,0
3.6486169210149666,5,38,37,0,0,0
4.462541359592642,2,41,10,0,1,0
4.730211722350586,4,47,28,0,1,0
4.88833671625982,1,25,15,1,0,0
4.4672584656382375,4,39,17,0,1,0
3.288517239370032,8,8,13,0,1,0
4.220336765216356,9,40,14,1,1,0
3.59400781013848,0,33,34,1,1,0
3.1366765551151277,9,44,31,1,0,0
4.602178948564807,4,12,37,1,1,0
2.5960658724058123,5,35,16,1,1,0
4.754404980338559,10,24,32,1,1,1
3.653693661561835,6,23,13,0,0,0
4.093003692020702,8,43,29,0,0,0
4.148384805514457,5,16,13,1,0,0
4.7377943517663414,4,1,39,1,1,0
4.091674205418018,6,12,24,0,0,0
4.034833961900155,0,30,36,1,0,0
2.666630101401725,10,28,30,1,0,0
3.79602005486301,4,27,14,0,1,0
2.8754225020426043,1,26,33,1,0,0
4.343584421803714,3,14,18,1,0,0
3.780554802031686,6,30,11,0,0,0
4.200569448020883,4,39,36,0,1,0
2.6041822515059607,5,14,16,0,1,0
2.711980040114508,1,32,26,0,0,0
4.290808470156706,2,19,25,0,0,0
2.6802108399966835,6,41,26,1,0,0
2.6781418194131463,10,11,29,1,1,0
2.5302711880872186,1,36,35,1,1,0
4.8912534957487,5,8,32,1,0,0
4.343770898647517,4,22,11,1,1,0
3.3831285212551605,9,7,20,0,0,0
3.241338953219138,0,31,11,1,1,0
3.374258074364624,10,47,10,1,0,0
4.436633827952955,9,13,35,1,1,1
4.153426527676036,10,26,11,1,0,0
2.96298891966867,3,24,38,1,1,0
2.935273338335211,10,12,40,0,0,0
2.7459891242834935,1,20,32,1,0,0
4.150756799253346,3,44,18,1,0,0
4.410931655554339,0,30,31,1,0,0
3.16261607081251,1,36,35,1,1,0
2.552362402577282,7,47,11,1,0,0
2.7054291686910683,5,42,37,1,1,0
4.919650087112576,1,4,24,0,1,0
3.2386119436935505,5,12,19,1,0,0
4.423057869595334,9,27,24,0,0,0
4.06165892213566,8,42,19,0,0,0
3.4548490991322396,6,24,38,1,0,0
3.014218155488888,8,34,34,1,1,0
2.8034660453985163,4,46,32,1,1,0
4.0375324200971665,6,38,36,0,1,0
4.43658445159447,10,6,26,1,1,0
4.109760633852827,6,37,37,1,0,0
3.8257553331228955,2,31,18,1,1,0
2.6048780585790907,6,2,27,0,0,0
4.92122194398596,0,44,13,0,0,0
4.496785479136436,8,38,18,1,1,0
3.232055091752412,9,36,25,0,1,0
4.949925823397127,5,21,13,1,1,0
4.0047039740908055,4,7,25,0,1,0
3.956056645518116,6,16,28,1,1,0
4.370182948573831,4,26,10,0,1,0
4.529424470225344,9,32,32,1,0,0
4.141196518328757,4,45,40,1,0,0
2.8202393659155,10,16,15,0,0,0
3.3456687649862458,9,41,19,0,1,0
4.820209100815124,10,11,25,0,0,0
3.06153902960963,6,47,13,0,0,0
3.430417559593783,9,45,31,0,0,0
3.58019220736049,6,26,31,1,0,0
3.5985124742361307,10,47,22,1,0,0
4.032348956236314,2,7,25,0,0,0
4.857689594361769,2,22,29,1,1,0
3.1017317795812627,9,41,39,1,1,0
2.803753440752295,2,48,38,0,1,0
2.9936762246498434,5,28,15,1,0,0
4.7173122505231735,5,19,35,1,1,0
4.114527031638016,2,15,20,0,1,0
3.2147669730979,2,16,33,0,0,0
4.539867347421543,7,15,38,1,1,1
4.65342499090859,7,18,12,0,0,0
4.616285846725695,6,7,29,1,1,0
4.797316334098886,9,37,19,0,0,0
3.130602550433404,3,37,38,0,0,0
4.387604821865696,3,28,37,0,1,0
3.65134874318535,2,40,39,0,0,0
4.604996382225154,4,35,40,1,1,0
4.321226692904033,2,25,10,0,0,0
4.4411186162493115,7,30,29,0,1,0
4.140404594202678,6,43,20,1,1,0
2.9435719236742672,2,11,35,1,0,0
3.8625672972423457,8,16,35,1,1,1
4.96167434881127,4,14,21,1,1,0
4.843470166242797,8,8,23,0,1,0
2.6079343394925294,6,38,34,1,0,0
2.912037039323593,6,41,17,0,0,0
2.829321933636405,5,47,20,1,1,0
4.314949774963239,1,11,13,0,1,0
4.544463324642363,8,31,37,1,0,0
3.0337784157766796,5,24,16,0,0,0
3.7646317323795726,7,38,19,0,1,0
4.601757570028,0,17,28,1,0,0
4.332003861915626,4,14,34,0,0,0
3.855593013729621,0,31,35,0,1,0
3.975869226146932,9,5,13,0,0,0
3.7709013672907,10,43,11,0,0,0
3.2438711282970516,7,42,35,1,0,0
3.9125549821475403,7,34,30,0,1,0
4.222213255125227,0,33,27,0,0,0
4.683307289652019,8,37,23,1,1,0
4.09072838494812,1,4,35,1,0,0
4.402803842607895,8,17,25,1,0,0
2.9001790873864324,0,15,31,0,1,0
3.6538936860494746,9,7,20,0,1,0
2.5233290495677334,8,24,19,1,1,0
3.1166971613040575,3,31,26,0,1,0
4.316154287782512,8,25,23,1,0,0
4.979524878373409,6,21,31,0,1,0
2.7479452489680396,10,30,13,1,1,0
3.503735789653221,5,42,28,0,1,0
4.500177421747899,4,9,11,1,0,0
3.010089086572247,10,11,16,0,0,0
3.8877123732557157,8,27,18,1,1,0
4.332678240074187,1,5,37,0,1,0
4.039963625650447,10,19,28,0,1,0
2.9700618365385405,1,4,25,0,1,0
3.3884614217143483,10,22,31,1,0,0
4.459479461213493,8,8,34,0,1,0
3.8855662853300417,2,28,25,0,0,0
2.513074033857282,7,15,27,0,1,0
4.402476900070234,10,45,32,1,1,1
2.5882783873505977,8,21,30,0,0,0
4.364334456828081,7,7,30,1,1,0
3.0062014004130937,3,19,20,0,1,0
4.895183700298451,0,13,16,1,1,0
3.419851878255211,3,38,18,1,1,0
3.317329040845198,8,36,13,0,0,0
2.8722201258311117,1,33,34,1,1,0
3.264010538725537,2,10,40,1,1,0
4.6916269045705015,9,39,39,0,0,0
4.990835844068118,7,32,22,1,1,0
3.420773826267121,5,30,36,1,0,0
3.6215265773863563,7,43,35,1,1,1
4.305177345506843,6,33,34,1,1,0
4.715489451162686,4,6,38,0,1,0
3.9826108354669603,8,48,13,1,0,0
3.4788142454445734,3,22,28,1,0,0
3.5315546021215596,5,45,11,0,1,0
4.239045366242017,1,6,18,0,0,0
2.5080456590106968,1,24,21,1,1,0
4.048973343649601,1,2,11,0,0,0
3.3887325261033934,9,37,15,0,1,0
4.48549332819271,6,19,14,0,0,0
2.73247659955783,1,33,39,0,1,0
3.9705056673709764,1,48,14,0,0,0
3.7024322247153094,8,43,29,0,0,0
4.105813814763069,6,43,31,0,0,0
2.662133986207421,10,29,14,0,0,0
3.949959468570328,2,16,36,0,1,0
3.903711469898809,2,9,13,1,1,0
3.9016502360404273,6,34,38,1,0,0
4.008719166491137,4,19,18,1,1,0
4.1911698430659055,9,17,38,1,0,0
4.512472499201925,5,44,31,1,1,0
3.1745518003205357,7,43,36,0,0,0
4.562623525450155,8,26,19,0,1,0
3.745639205658634,0,48,25,1,1,0
2.692645697835828,2,35,19,1,0,0
2.646377323109948,10,22,38,0,0,0
3.3355957967401517,6,31,19,1,0,0
4.462242442778669,5,9,38,0,0,0
4.269202336852289,6,10,28,1,0,0
4.471537411681016,7,37,19,0,1,0
3.7931726411040234,5,5,15,1,0,0
3.6004974948887263,2,40,39,0,1,0
2.86863131676571,1,46,26,1,0,0
3.3204818840232786,6,33,14,1,1,0
3.585048415434688,10,35,35,0,1,0
2.7215010741990433,0,36,15,0,0,0
3.051529881778028,2,16,40,1,0,0
3.995563235159347,10,39,36,1,1,1
4.339157785597974,3,39,33,0,1,0
4.995868778482374,0,11,36,0,0,0
4.832783328358895,4,20,40,0,1,0
4.106412998837978,9,39,24,1,1,0
3.55312013323518,2,18,34,1,1,0
4.090443411770582,1,2,36,0,1,0
4.46412904520058,2,17,28,1,1,0
2.7958404773084684,7,18,27,1,1,0
3.5247622242407206,5,46,38,0,0,0
4.599505714089043,6,5,13,1,0,0
3.45958237983261,5,15,17,0,0,0
3.9296806780679665,5,7,36,0,0,0
3.9694234021554955,2,47,25,1,1,0
2.9611906328340982,7,17,33,1,0,0
3.405588604130721,6,47,28,0,1,0
3.3362782218548306,6,42,29,0,1,0
2.565491771330162,5,38,12,0,0,0
2.560479409728388,4,48,19,1,0,0
4.579242609189434,9,48,11,0,1,0
3.182677024932031,7,11,13,0,0,0
3.795196915597039,4,44,15,0,0,0
3.2468139339719326,8,9,20,0,1,0
4.851698112788352,8,6,23,1,1,0
3.1482418971644344,0,45,25,1,1,0
3.574142031847338,5,0,36,0,1,0
4.681825626211505,6,48,30,1,1,0
4.604833916979522,2,35,28,1,1,0
2.965253544615693,6,20,11,1,0,0
4.506608274489276,10,36,34,0,0,0
3.6454672168447315,10,23,40,1,0,0
3.707422180213388,6,24,26,1,1,0
2.8336999310398596,10,6,18,0,1,0
2.701503784392812,1,41,26,0,0,0
4.319848267434413,6,16,24,1,0,0
3.7411528808882495,0,28,39,1,0,0
3.592126756537949,4,29,16,0,1,0
4.323770571630992,8,6,31,0,0,0
4.413782247477775,6,32,32,0,0,0
2.897270419173384,6,6,40,0,0,0
4.025562873694103,10,23,28,1,1,0
2.838385205694214,1,10,39,0,0,0
4.378437715072614,7,8,12,1,0,0
4.142387890667849,2,11,38,1,1,0
4.891536552708645,7,34,36,1,1,1
2.672395040891053,2,3,10,0,1,0
2.642636802878136,9,35,13,0,1,0
3.2054676867330003,6,27,37,1,1,0
3.154264209339765,1,12,27,1,0,0
3.1174469976799997,3,22,35,1,0,0
4.7656364513025915,10,18,17,1,1,0
3.1238654996237654,5,41,28,1,1,0
3.1798743153215776,10,36,32,0,1,0
4.3984956560449096,8,38,32,0,1,0
3.62434960612635,4,23,37,0,0,0
4.441776392387953,8,15,34,1,0,0
2.663415393910963,4,32,15,1,1,0
3.718927984183461,9,11,10,0,1,0
2.5840340004582067,7,33,17,0,1,0
2.6566330086383863,0,6,10,1,1,0
4.766093633361027,6,10,28,0,0,0
2.848113427793988,3,30,20,0,1,0
3.8310517056880427,4,28,30,0,1,0
3.5277390065017666,5,12,33,1,0,0
3.3683583156471064,4,30,34,1,1,0
4.749583364218181,0,1,24,0,0,0
2.5545584919387236,8,38,32,1,1,0
4.159474215438973,1,14,34,0,1,0
4.908486085533876,8,10,20,0,0,0
3.900420458654605,9,33,28,1,1,0
4.84205615508273,1,38,38,1,0,0
2.6306446982150593,8,3,30,1,0,0
3.5469832976854034,5,10,19,0,0,0
3.150394477405128,10,28,33,0,1,0
4.327052412451824,8,1,21,0,1,0
4.953242726243117,5,15,10,1,0,0
3.1413251561106197,5,38,33,0,1,0
4.135436503685186,10,12,16,0,1,0
2.9952440818993504,1,36,26,0,1,0
3.9133256364290245,7,16,38,0,0,0
3.6598312167208404,2,20,38,1,0,0
4.930013324078843,6,43,35,1,1,0
4.021318181741167,4,18,37,1,0,0
3.373765930217047,2,6,19,0,1,0
2.7852394622198333,0,37,40,0,1,0
2.8781170718373366,7,7,37,0,1,0
3.0632923248780877,2,12,15,1,0,0
3.1274166533507453,1,36,26,1,0,0
4.626540144602845,0,1,27,1,1,0
3.903056970706312,3,40,14,1,0,0
3.808477278435916,7,10,27,1,1,0
2.7869221796730437,2,23,39,0,0,0
4.650349233373587,0,5,35,1,0,0
4.307035758021209,3,25,26,1,0,0
2.669170904750004,8,6,31,1,1,0
4.269587743074421,0,38,25,0,1,0
3.8588455433566153,10,18,17,1,1,0
2.7043133643669455,1,5,33,1,0,0
3.6457516038216413,8,42,22,1,1,0
3.7117407178251174,1,28,38,0,1,0
2.9144363504081894,2,42,33,0,1,0
4.864245367500706,6,38,25,1,1,0
4.624938428701655,2,1,20,1,0,0
4.172555843322771,8,18,15,1,0,0
3.655738902501518,5,3,36,1,1,0
3.5294138539612714,2,5,12,0,0,0
4.127433667877385,8,48,10,1,0,0
3.863579673517264,0,36,27,0,0,0
2.655682764704714,9,27,14,1,0,0
3.781256621925829,2,29,22,0,0,0
4.516009043082098,0,6,19,0,1,0
3.6480996939923953,1,8,14,1,0,0
2.629891443885671,7,24,35,0,1,0
4.465695498460082,6,32,23,1,1,0
3.003409455339936,1,0,26,0,1,0
3.1465520872200967,1,5,10,0,0,0
2.9117658835807396,8,17,40,1,0,0
3.3255376621787436,5,9,34,1,0,0
4.3918787642215875,4,27,11,0,0,0
3.7984646487598432,9,10,16,0,1,0
3.0122031853767814,5,32,19,1,1,0
4.694575195380102,8,0,29,1,1,0
4.698954637378823,10,12,16,1,0,0
4.6764460626150175,6,36,33,0,1,0
3.096990528453848,9,19,25,1,1,0
3.62809836045247,9,0,14,1,1,0
4.962474140352188,8,2,38,0,0,0
4.430031190774976,3,17,37,1,1,0
2.5679185530638997,1,40,21,1,1,0
2.66301147815123,7,13,26,1,0,0
3.659828442030832,3,30,25,1,1,0
4.7730505146539,8,26,29,0,0,0
3.8467544948817856,3,16,35,1,1,0
3.7445312700857256,7,45,25,1,0,0
2.7636842498915763,8,28,28,1,0,0
4.141950261810735,8,35,35,1,0,0
4.555257901500564,9,36,24,1,1,0
3.451050018768906,3,25,21,1,1,0
4.439029627313319,0,16,30,0,0,0
4.911191634752029,2,21,19,0,0,0
3.0094161478192225,8,24,38,0,0,0
3.8083240779868532,3,1,35,1,0,0
3.2178448952114387,4,21,38,1,0,0
4.482136047584598,6,4,31,1,0,0
3.9439834147028936,4,3,11,0,0,0
4.086456043875759,3,35,16,1,0,0
4.494785399039735,1,5,22,0,0,0
3.4899261816561373,1,20,12,1,0,0
4.787725171017608,3,12,24,1,0,0
3.83257216811535,9,36,10,0,0,0
2.8948870570883702,9,24,35,0,1,0
4.239747795422006,8,25,12,0,0,0
4.483153376095636,7,38,34,0,1,0
3.2919041926688166,2,19,19,0,1,0
4.642948142496882,8,32,36,0,1,0
4.765358136914416,4,13,36,1,0,0
3.1922612184445223,10,35,24,0,1,0
4.958803681788055,2,16,31,1,0,0
2.851778820121896,4,20,36,1,1,0
3.005039171006225,9,45,15,1,0,0
2.9605620980950653,3,15,29,1,0,0
4.734974275019676,7,45,24,1,1,0
4.1357313808124045,4,15,33,0,1,0
2.8802607080556824,9,19,30,0,0,0
3.6008085459208727,7,28,16,0,1,0
4.0382450626745054,8,27,34,1,0,0
2.7086602124734585,3,7,38,0,0,0
4.706040921018347,6,23,38,1,0,0
4.5090088386038385,1,2,39,1,1,0
3.7630169339415955,5,24,30,1,0,0
4.917816538147926,7,18,36,1,0,0
3.544402448187749,6,32,39,0,0,0
4.960275797591244,6,1,14,0,0,0
4.169799997009068,7,14,39,0,1,0
4.086678183134854,6,21,13,0,1,0
2.9148872382394626,4,9,31,0,1,0
4.70481939576161,6,17,27,1,1,0
3.568724219801538,9,21,12,0,0,0
2.9055835144561986,2,45,26,1,0,0
2.5315187999393975,4,48,27,1,0,0
3.8993892090959563,6,26,27,1,0,0
3.818499055306691,8,12,33,0,0,0
4.298384055922897,1,32,33,1,0,0
4.725645132544505,3,4,11,1,1,0
2.6985164616075736,6,25,22,0,0,0
4.328741225850906,0,12,39,1,0,0
2.9685298602439554,1,26,31,1,0,0
4.64544263289291,8,13,24,1,1,0
4.54765878465414,9,23,14,0,0,0
3.851984387463861,6,2,12,1,0,0
4.275606996558279,9,46,14,1,0,0
3.285875282959371,6,48,14,0,1,0
3.6779197473320364,5,29,14,0,0,0
4.554092244276179,2,34,12,1,0,0
3.6481629929330346,9,47,40,0,1,0
3.3944956633136045,2,13,12,0,0,0
3.73553111812575,1,11,29,0,1,0
4.570623131093046,10,27,32,0,0,0
3.338020118427182,5,43,37,0,1,0
2.9344039828393593,3,28,37,0,0,0
4.280035050826951,4,42,37,0,0,0
4.564945531770205,2,16,39,1,1,0
2.7515936963088334,5,39,27,0,0,0
3.0996852818898617,10,48,35,0,0,0
2.8549299744024847,2,20,29,0,1,0
3.3698535289554163,7,22,13,1,0,0
3.6258774472635316,8,19,10,0,1,0
4.372065842408266,3,10,35,0,0,0
4.127868962204185,8,33,25,1,1,0
4.052321418696078,6,9,17,0,0,0
3.380937366524136,2,9,26,1,0,0
4.6036188827119,6,42,17,1,1,0
3.6782179184954114,0,5,16,0,0,0
4.947762345037886,2,35,34,1,1,0
4.085355345739342,5,23,17,0,1,0
2.815661853911257,3,11,30,0,1,0
4.190443905188586,6,42,33,1,0,0
3.3127600385792473,2,22,39,1,0,0
4.215817991715244,0,26,40,0,0,0
2.6741028704060144,8,44,36,0,1,0
2.9372035929398983,5,36,35,1,1,0
4.639343147264466,7,5,21,0,1,0
3.067948892558787,2,0,25,0,0,0
4.59260281310735,7,5,40,0,1,0
3.1981902211360262,1,21,21,1,0,0
4.107204775146769,3,40,28,0,0,0
4.235376433774578,2,23,40,0,0,0
3.7816368828626326,9,24,19,0,0,0
3.263276691741828,0,14,16,1,0,0
3.0316109409277403,6,25,21,1,0,0
2.5829733864060653,10,7,29,1,0,0
3.2598660031018096,9,23,14,0,0,0
4.132906976328208,1,47,25,1,1,0
4.845762046121207,3,37,18,0,0,0
4.67801120565763,8,5,16,1,0,0
4.415161941338257,5,34,29,0,1,0
4.471118358133246,7,41,31,1,1,1
4.162462258689988,1,0,35,0,1,0
3.1507171439150072,6,45,23,0,1,0
4.7679875767645745,5,35,20,1,0,0
4.176830779764585,8,11,16,0,1,0
3.9011015774511,6,37,38,1,1,0
2.7774736730337026,0,10,19,1,1,0
3.6176388595160636,7,11,38,0,1,0
3.6508956780048156,10,41,18,0,0,0
4.661409023806675,9,38,13,1,1,0
3.866620550469471,2,6,25,1,1,0
3.451001372426024,1,10,19,1,1,0
4.942000821276649,2,35,28,0,1,0
2.776801483315789,10,30,33,1,0,0
3.5563710707798615,5,32,40,0,1,0
2.6050616879285133,2,12,26,0,1,0
4.349760301917326,9,17,18,1,1,0
4.795191380497877,4,40,22,1,0,0
3.2000933238762235,5,23,10,0,1,0
4.6458541919978025,7,8,11,0,1,0
3.2305455761547446,6,30,22,0,0,0
4.776925404109788,10,40,33,0,1,0
4.38490475899196,7,9,18,1,0,0
4.512266942103596,2,1,16,0,0,0
2.545016389001136,3,37,25,1,1,0
4.9070258926850645,5,14,28,1,1,0
4.316677480175808,10,2,16,1,0,0
3.2618777384653335,6,42,15,0,0,0
4.5734866621471175,8,30,27,0,1,0
3.203802996037325,0,5,28,1,0,0
4.681884598915319,7,2,20,1,0,0
2.7814509760298427,7,10,38,1,1,0
4.2592149436519895,5,14,21,1,0,0
3.8517461916122757,3,44,38,0,0,0
2.741336175488602,2,27,35,1,0,0
3.1047345706470972,10,9,19,0,0,0
2.531010090693287,2,37,22,0,0,0
3.671919913661265,5,46,21,0,0,0
3.253163151900001,7,6,40,0,1,0
3.9958937107443973,6,14,30,1,0,0
3.2430945192715432,10,17,19,0,1,0
3.2497977787674617,0,17,29,1,1,0
4.3579829968290085,10,40,27,0,1,0
2.6203570899458835,5,23,13,1,1,0
4.7572374879799675,6,1,37,1,1,0
4.630659685977953,6,39,33,1,1,0
4.1695117080660165,8,19,14,1,1,0
3.983053925268461,10,33,14,1,1,0
4.730756245349131,10,42,38,0,0,0
2.963325448821786,9,25,37,1,1,0
2.6974229054770715,4,6,21,0,1,0
3.0987754247738453,0,37,35,1,1,0
4.486445696750476,1,29,12,0,0,0
2.586675666816208,3,41,38,0,1,0
3.9570170877087243,4,4,17,0,0,0
4.988593790478275,8,10,31,1,1,1
4.639240234593848,10,0,11,0,1,0
3.8036142226089735,0,33,27,1,0,0
2.6591022732166056,2,0,18,1,1,0
4.5784337859642745,4,18,22,0,0,0
3.9974462704430263,2,1,16,0,0,0
2.787332492648917,3,20,19,1,1,0
2.7346432120583906,2,19,18,1,1,0
4.774067048591482,3,22,39,1,0,0
4.173000657345196,0,20,31,1,0,0
4.573216998291889,7,23,24,1,1,0
4.697447250705668,3,3,14,1,1,0
3.9294308801208055,6,11,21,0,1,0
3.793615879387603,1,21,10,1,0,0
3.5760685258024756,1,19,21,1,1,0
3.2923664694777983,5,17,31,0,0,0
3.5864899021467793,1,0,15,0,1,0
4.4346991393253905,5,29,28,0,0,0
4.004808577537829,10,32,28,1,0,0
4.731308224887115,1,23,25,0,1,0
3.6084500359479694,3,13,40,0,0,0
4.017723946796885,6,35,28,1,0,0
4.078268882729972,7,4,12,1,0,0
3.9792429057658136,2,10,32,1,0,0
4.25658443271379,8,23,19,1,0,0
3.093583670937016,1,30,36,0,1,0
3.7809094438644766,7,12,27,1,1,0
2.7605620070208694,7,15,35,0,0,0
3.461278319112031,3,23,22,1,1,0
3.719167671553161,0,12,35,0,0,0
4.130560648863681,0,23,27,1,0,0
4.876327631465509,1,25,12,1,1,0
4.00162766637089,8,1,35,1,0,0
4.358984790441399,1,15,37,0,0,0
3.765665148738007,1,37,32,0,0,0
4.085260078440829,5,45,12,0,1,0
2.6773305403344336,6,0,32,1,1,0
3.1359789521046175,6,48,34,0,0,0
3.4046327330128467,8,10,36,1,0,0
3.6812333875162837,5,34,35,1,0,0
2.614121863755959,7,42,21,1,0,0
2.850060243883294,10,28,40,0,0,0
3.1920357694782644,5,36,36,1,1,0
4.928831727252627,1,16,29,0,1,0
3.328367517757627,0,38,16,1,1,0
3.7051026452802063,4,41,34,1,1,0
2.9902442818459822,8,27,39,1,0,0
4.026950177689421,7,28,33,0,0,0
3.2017080387899357,3,42,17,0,1,0
3.017481446096067,4,2,18,1,1,0
3.7914315711149476,4,9,23,0,0,0
2.513764497901052,5,41,14,0,1,0
2.5191600816230633,2,13,39,1,0,0
3.0476720227546443,4,11,30,1,0,0
2.591803406252053,1,46,28,0,0,0
2.7700643853267284,9,41,30,1,1,0
3.347151623346879,0,29,25,1,1,0
4.506464198949532,10,31,33,0,1,0
3.930121608423252,0,31,21,0,1,0
3.781669314891041,9,41,30,1,1,1
3.2337220580203043,6,31,13,0,0,0
4.829384298582041,1,25,17,0,1,0
3.492537603092979,3,0,16,1,0,0
2.717731916989429,4,41,24,1,0,0
4.042666290294504,6,1,39,1,0,0
2.7845959836915037,1,16,39,1,1,0
3.36305785700423,5,29,15,0,1,0
3.768529846794522,0,38,14,0,1,0
4.68555631171294,6,6,23,1,1,0
3.7338664508502966,8,26,30,1,1,1
4.2556469150791605,4,8,22,1,1,0
4.982042097497676,4,21,19,1,1,0
2.828722799744954,3,33,27,0,1,0
3.186828813798799,2,45,38,0,0,0
3.486440188994116,8,48,40,1,1,0
3.5545704463470784,4,0,13,1,0,0
3.5275526881638646,7,8,17,0,0,0
4.769027506391387,8,19,33,0,0,0
4.285081611167141,4,18,20,0,0,0
4.0197630352267595,9,35,26,0,1,0
3.2734317946569553,8,39,27,1,1,0
4.559475960553237,1,44,30,0,0,0
4.887651278712472,8,3,34,0,0,0
4.552995706375566,10,8,35,0,0,0
2.503912762978682,3,40,20,1,1,0
4.091003425458517,5,21,25,1,0,0
2.6278384536052517,5,17,21,0,0,0
3.1440180508343047,5,11,22,0,1,0
2.648811750869429,1,41,36,1,0,0
4.009488632373469,6,42,25,1,1,0
4.216474783731517,5,38,32,0,1,0
2.7862190951647627,10,8,35,1,0,0
3.4595972076124486,0,5,30,0,0,0
3.640591272388855,1,18,10,1,0,0
3.4226325544022913,6,47,40,0,1,0
2.8025625012129827,0,46,25,0,1,0
3.5473694754686886,0,6,24,1,1,0
4.377945119521045,0,15,15,0,0,0
2.6775191613331386,7,4,21,1,0,0
2.7004500352047587,3,15,17,1,0,0
3.3869282295899605,3,0,16,1,0,0
4.854314279047313,1,36,11,0,0,0
4.171431616807285,10,38,21,0,0,0
4.196674891681412,10,18,30,0,1,0
3.4047999770946626,10,36,23,1,1,0
3.9841519780213464,0,16,25,0,1,0
2.5253279600693586,9,25,20,0,0,0
4.090240116023855,8,21,29,0,1,0
4.783217368940592,6,7,18,0,1,0
4.031433670862048,3,32,19,1,1,0
4.684246483665863,5,1,26,0,0,0
4.309932638665234,1,29,21,1,0,0
2.801396041009226,6,46,15,1,1,0
4.7561332682146045,1,19,28,1,0,0
2.6661096108894373,9,17,20,1,0,0
3.8349186813694094,7,42,18,0,0,0
2.855342809483644,7,9,30,0,0,0
2.5292665268272603,0,23,38,0,1,0
3.5550856503190973,7,3,15,1,0,0
3.2376017691353907,1,36,36,0,1,0
3.7150012344940073,5,3,34,1,1,0
3.9429997168363773,0,12,34,0,0,0
2.6093476807723683,4,24,33,0,0,0
2.807508237809364,10,12,34,0,0,0
3.896605991126063,6,17,25,1,1,0
3.3579183829316457,9,23,29,0,1,0
4.32293371887362,0,1,25,1,1,0
4.130729121479849,1,47,15,1,1,0
4.614010907474767,6,32,14,1,1,0
4.231232066673063,5,18,30,0,1,0
3.5748276934753704,2,8,13,0,1,0
4.182416555986081,9,27,11,1,0,0
3.188452935638546,1,34,37,1,1,0
3.265783746945532,9,38,15,1,1,0
4.472462899801983,3,9,18,1,1,0
3.6160487910039554,2,0,37,1,1,0
4.4959508512958815,6,41,26,0,0,0
4.556055934170696,7,20,23,0,1,0
4.64390584415321,1,8,16,0,1,0
4.791588089603018,9,46,31,1,0,0
3.5774630512832406,6,14,28,1,0,0
3.297167045802847,7,34,10,0,1,0
3.9554968664852845,5,4,38,0,1,0
3.427931058594069,5,40,29,1,1,0
4.002685417000582,9,21,40,1,1,1
4.263964656609561,0,40,39,1,1,0
4.221012546230343,3,22,34,0,1,0
3.436382217550303,0,6,24,1,0,0
2.917150504246882,3,22,27,1,0,0
3.576323346155519,1,43,12,1,1,0
2.856485360204772,10,24,27,0,1,0
4.725242587959521,4,26,39,1,1,0
3.3646936518446435,9,40,11,0,0,0
2.8861493680583097,8,5,19,1,1,0
2.5636193997643772,10,33,20,1,0,0
4.11455596571621,9,8,36,0,0,0
4.092255793636858,2,48,33,1,1,0
3.3515104164532294,7,32,12,0,0,0
2.6792797221191273,2,5,16,1,1,0
3.52407223723808,5,36,17,0,0,0
3.278043737658484,3,30,28,1,1,0
4.192801599337523,7,33,27,0,1,0
4.014448123631726,10,40,22,0,0,0
3.41148432049385,5,28,22,1,0,0
3.0447313856374754,7,13,33,0,0,0
4.9700899153889795,0,35,28,1,1,0
3.635004052990287,5,35,32,0,0,0
4.220685589450593,0,14,21,1,0,0
2.851382418945902,0,7,26,1,1,0
3.7139742491484946,7,25,39,1,1,1
2.5688417996736637,6,35,40,1,0,0
3.763637794776125,2,47,37,0,0,0
4.910043517794255,5,20,31,1,0,0
3.4605167824645005,8,27,21,1,1,0
2.597490031437279,6,3,37,1,1,0
2.5773894772983588,2,15,22,1,0,0
3.469966899867174,5,21,34,1,1,0
2.900062341157985,10,11,21,0,0,0
2.5583802408204646,3,15,28,1,0,0
4.390534034875442,2,39,23,0,1,0
3.6463075222047268,8,37,16,0,0,0
3.2231119299316364,9,41,22,1,0,0
4.7502079575412015,1,36,15,1,1,0
2.790347400501314,0,28,33,0,0,0
4.889797072388298,1,17,28,0,0,0
3.284916793443382,6,9,28,0,1,0
4.721009180771703,9,41,13,1,0,0
4.007357191198654,0,38,28,0,0,0
4.566768399353719,5,17,18,0,1,0
4.960032908026161,6,0,25,1,1,0
3.2210135945468643,8,38,36,0,1,0
4.902838713518983,7,20,13,1,0,0
3.473704737256051,5,0,15,0,1,0
3.463779761842306,2,14,17,1,0,0
3.350967760636264,7,3,36,0,1,0
3.8535190183689627,6,19,38,1,0,0
2.8853626079462176,2,9,33,1,0,0
3.884278713395028,8,22,25,0,1,0
3.85426203102501,1,40,40,1,0,0
4.404754531512175,2,33,14,0,0,0
4.584124904843964,1,45,30,1,1,0
3.60110337578106,0,47,31,1,0,0
3.2558331233787343,3,32,19,1,0,0
3.148337243292736,4,33,32,1,0,0
2.98655959176218,5,38,22,1,1,0
2.644118955497562,4,9,38,1,1,0
3.3561199470867833,0,19,35,1,1,0
3.175619230326958,2,0,23,0,1,0
4.916043464666018,0,12,16,0,1,0
3.8942720656251097,10,0,38,1,1,0
3.368192597576269,4,4,29,1,1,0
3.95116900248424,4,15,15,1,1,0
2.847991753364239,10,14,16,0,0,0
3.6101093730055074,5,48,14,1,0,0
4.0655858035526595,7,27,30,0,0,0
3.7222445794811287,9,30,27,1,0,0
3.5044470016358105,0,22,32,1,1,0
4.984620972249246,3,47,21,1,0,0
4.7007869053723175,9,44,15,1,0,0
4.0585148953986,10,42,36,1,0,0
3.923443402955707,0,16,10,0,0,0
4.05165119956146,8,48,13,1,0,0
3.0032802695560834,10,33,28,0,1,0
3.4878443581607965,6,12,21,0,1,0
2.5986488322272483,6,13,24,1,0,0
3.688865093717067,4,10,12,1,0,0
3.857561459894158,6,27,32,1,0,0
3.0693743402580242,1,41,36,0,0,0
4.910072117913785,3,31,37,0,1,0
4.773636527343105,6,34,35,0,0,0
4.305358088639765,2,30,29,1,1,0
3.8334665719134065,1,16,40,0,0,0
4.674922899119212,9,46,37,0,1,0
2.8266308595586573,1,8,17,0,1,0
4.476274485687212,0,9,20,1,1,0
2.8120520349171207,4,7,25,0,0,0
4.485526656373514,5,20,18,0,0,0
3.1894189206283925,5,12,12,1,1,0
4.692726452545472,8,4,14,1,0,0
4.860105234563495,3,5,29,1,0,0
2.871989923512789,0,29,23,0,1,0
3.6566890126634837,5,30,37,0,0,0
4.952468445406713,4,16,35,0,1,0
3.7085185899328668,9,10,24,1,0,0
4.658868806286363,5,19,15,0,0,0
3.9718288053282995,2,47,36,1,1,0
3.4383247697990047,1,8,35,1,1,0
3.2144588888146757,5,1,13,0,1,0
3.0080577277152183,0,36,17,0,1,0
4.404495478444243,6,0,28,0,0,0
3.46635126705757,6,3,36,1,0,0
3.7781886555018778,9,35,14,1,0,0
3.7308137000029546,6,24,22,0,1,0
3.943197573082828,10,2,25,1,0,0
4.663942864061381,9,8,10,0,0,0
4.951848358958573,0,21,22,0,0,0
3.5189605214345425,3,22,40,0,1,0
4.568797305265758,6,11,31,1,1,0
4.411319486636794,10,9,20,1,0,0
3.9338223786389332,8,33,30,0,0,0
4.890117859029832,4,42,17,0,1,0
3.001186288821007,1,9,34,1,1,0
2.7731605257740535,6,29,17,0,1,0
4.634904917388555,9,21,33,1,1,1
3.5978745415843707,0,5,37,0,0,0
4.617422135517652,6,1,23,1,1,0
4.732725512988537,5,29,22,0,0,0
2.6561439840476786,6,1,12,1,1,0
4.708661907465151,9,31,13,0,0,0
3.6207976384235554,2,41,40,1,0,0
3.7760812225105806,2,15,36,1,1,0
4.0664812777330255,6,11,29,1,0,0
4.815956516825217,1,0,24,1,0,0
2.5477902360744102,0,7,24,0,0,0
3.6921086707945427,8,47,39,1,1,1
4.219305106076401,8,12,36,1,1,1
4.306767394245571,6,14,30,0,1,0
4.23133107884277,6,43,22,1,0,0
2.8360878235203044,2,7,18,0,0,0
3.248488970929203,9,9,37,1,0,0
3.3967888135425337,1,45,34,1,0,0
4.511093019198762,10,4,19,1,1,0
3.1968996810363826,6,18,38,1,0,0
3.0267624096680077,8,46,21,1,0,0
4.89362004759524,0,37,23,1,0,0
2.522158212783672,3,10,10,0,1,0
4.994552139204945,5,42,23,0,0,0
4.192053247143489,6,19,23,1,1,0
4.5711732486227925,9,19,17,1,1,0
3.236548490865483,6,20,25,0,0,0
2.53578819416765,9,17,23,0,0,0
4.344673796403825,1,9,10,1,0,0
4.58536149250169,3,33,25,1,0,0
4.3511903298837975,4,25,27,1,1,0
2.8571257182520964,0,29,16,1,1,0
4.383569805642423,0,8,24,1,1,0
4.422306955269102,9,45,33,1,1,1
4.146351289175137,2,30,26,0,1,0
4.415289831988965,9,41,40,1,1,1
4.61480359919433,2,3,28,1,1,0
4.034010285593646,7,5,32,0,1,0
2.7215117849241977,8,13,22,0,1,0
3.7190695241680274,10,3,18,0,1,0
2.6941233366790125,0,25,33,0,0,0
3.518857577581077,10,46,33,1,0,0
3.5177662228140694,1,47,24,0,0,0
2.665024610350604,9,38,34,0,1,0
3.3720513349236985,1,16,35,1,0,0
2.777495246978287,3,18,12,0,1,0
4.520588025023056,1,48,33,0,1,0
4.869220064911177,6,5,10,1,0,0
2.6807911881448465,8,28,25,1,1,0
4.887788018229253,6,10,17,1,0,0
3.806441498341863,5,15,38,1,1,0
3.2489141948846845,9,29,32,1,1,0
2.6921551881904087,0,24,22,1,0,0
3.7515606701760444,10,39,40,1,0,0
4.486288861226871,9,10,17,0,0,0
4.267716193166745,8,6,26,0,0,0
2.6255650286599344,4,25,31,1,0,0
2.6822545884197586,10,21,32,0,0,0
3.5071832065815927,4,24,23,1,1,0
3.2382262351198583,5,18,36,0,1,0
3.0809608076401194,8,30,30,1,1,0
3.202511247271784,7,25,39,0,1,0
4.508706858242212,7,41,30,1,0,0
4.823070134079635,7,40,16,0,1,0
3.512756736318916,0,35,40,1,1,0
4.765277505331243,0,22,36,0,0,0
3.303739253119705,7,46,24,0,1,0
3.6910924658594793,4,12,25,1,0,0
3.0650724945399994,8,24,28,0,0,0
4.10119010543961,1,1,15,0,0,0
4.9474527879370225,8,1,32,0,1,0
4.008732740108447,7,15,10,0,0,0
3.3945352102838724,8,8,21,0,1,0
4.119543614976321,3,27,27,1,1,0
2.807301696163469,0,12,25,1,1,0
4.721647700663496,0,34,21,0,0,0
3.757709876949591,4,40,29,1,0,0
3.623374355099105,1,12,22,0,0,0
3.964661971133798,7,30,17,1,1,0
4.061959656973507,9,20,36,0,1,0
2.6794395155662825,10,31,38,0,0,0
4.206543053058506,4,33,39,0,1,0
3.104829200788824,4,7,35,0,0,0
4.2848815812664744,1,40,31,1,0,0
4.556336985960492,6,47,10,1,1,0
4.509896268881301,7,1,35,1,1,0
3.881252418519723,9,37,30,0,0,0
3.8004247307768777,0,31,16,1,1,0
2.8571899033485293,1,39,24,1,0,0
4.438365376007839,9,27,38,0,0,0
3.178523451116786,3,36,31,0,1,0
3.7417385570448665,4,40,22,0,0,0
3.2106852323187915,1,0,22,1,1,0
2.834570907499233,0,40,37,1,0,0
4.073894242229342,8,9,18,0,1,0
2.6358300870572595,0,3,33,1,1,0
4.3716130853155,3,34,24,0,0,0
3.2939669881527918,1,9,13,1,1,0
2.5003367325112134,10,46,22,0,1,0
3.7778228480930744,3,10,36,1,0,0
2.617129771319008,7,13,21,1,1,0
3.1904238945522487,7,37,14,1,0,0
4.2674412186392905,10,11,16,0,1,0
2.656724054054665,8,44,17,0,0,0
4.598346230890006,10,16,14,0,0,0
2.509549806646458,4,15,18,1,0,0
3.1170596730047557,6,34,23,0,0,0
4.352260140380179,2,1,35,1,1,0
3.290675374323267,9,10,21,0,0,0
2.754730970165034,3,40,13,0,1,0
3.40058479700107,9,2,29,1,0,0
3.1759832159613137,8,28,38,1,1,0
4.606779755401387,9,17,17,0,0,0
3.2833697939628577,9,19,26,0,1,0
4.472331179440018,0,46,17,1,1,0
4.729680362026837,1,13,30,1,0,0
3.5845435489413235,4,33,38,0,0,0
4.77485785963598,2,48,39,1,0,0
3.443295134907982,1,30,36,0,1,0
4.91019604122527,0,39,10,0,1,0
2.7232238113139324,9,41,29,0,1,0
4.217548166258107,2,17,11,1,1,0
3.734535101142322,0,29,13,0,0,0
3.469122013639118,0,24,33,0,0,0
4.081779696871502,0,18,30,1,0,0
4.259642729085828,7,7,10,1,0,0
2.5109081741257726,2,27,16,1,1,0
2.917382721867997,10,7,10,0,1,0
4.282615126585797,0,30,18,1,0,0
4.165963533945516,6,2,12,1,1,0
4.9151187628216935,9,2,21,0,0,0
4.402594475626957,2,43,28,0,1,0
4.876931769328345,7,21,24,0,1,0
4.256351253837018,3,16,40,0,1,0
3.245130521598608,3,35,31,1,1,0
2.763412305627141,4,16,25,0,1,0
4.454559658362339,5,13,19,1,1,0
4.11037305368979,6,8,31,0,0,0
2.6204650309832407,3,29,38,0,1,0
3.4001261647524457,7,20,36,1,0,0
4.891999538710715,5,11,36,1,0,0
3.7510028642755033,0,36,15,1,0,0
3.5818228400492615,0,31,38,0,0,0
3.6442490128982348,8,10,26,0,0,0
3.0222068100129094,9,19,30,1,0,0
3.421767927161988,5,34,37,1,1,0
3.4245331399679415,9,46,31,0,1,0
2.630887550468681,7,45,33,1,1,0
4.418919071294796,6,10,38,1,0,0
3.5412610797596975,5,7,26,0,0,0
4.555449717041059,3,3,30,1,0,0
4.625870002799738,6,26,28,0,1,0
3.029985136746645,8,43,27,0,1,0
4.143383705425322,10,39,20,0,1,0
3.6807045104074545,9,37,33,1,0,0
4.700391844803713,9,46,16,1,0,0
3.039351697941135,6,29,19,1,0,0
4.1945330007751105,0,43,16,1,1,0
4.019380305631806,9,47,14,0,0,0
3.238253693929582,8,47,21,0,0,0
2.8415022591279318,3,26,25,1,0,0
4.129099401193192,2,20,38,1,0,0
4.346493645330827,3,19,34,1,1,0
3.289068359408375,3,3,30,1,1,0
4.112081510055784,9,10,27,0,0,0
3.487827269028758,10,12,12,1,0,0
4.2830172082065445,1,8,29,0,1,0
2.998038187235133,0,3,24,1,1,0
4.725537506590436,9,11,14,1,0,0
3.2185239911639494,0,8,22,1,1,0
3.4194649693903822,7,12,28,0,1,0
2.6452298802008745,1,47,21,1,0,0
2.778780530803191,9,25,39,0,1,0
3.7896547567808203,4,37,32,0,1,0
3.168981691819929,3,41,30,1,1,0
4.588700564355486,7,12,14,0,1,0
2.5367334716373846,1,38,15,0,0,0
3.44773512167984,9,27,16,0,1,0
3.343363866922732,8,18,35,1,1,0
2.5483190772940025,6,23,19,0,0,0
2.8109209975012757,6,18,25,0,1,0
3.534106687296588,0,48,17,1,0,0
3.7321614611186167,1,12,18,1,0,0
3.510724368137173,3,12,36,0,1,0
3.827344196030235,3,27,13,0,1,0
3.9878291872642038,10,1,30,0,1,0
2.524809552819589,2,9,40,0,1,0
3.66023789863376,6,21,30,1,1,0
4.90874810221897,7,12,17,1,0,0
3.7975807003238717,1,8,34,0,1,0
4.193855668647383,3,32,16,1,0,0
3.2796596447922077,2,13,24,0,1,0
4.4349784453819066,1,47,30,1,0,0
4.432303704690288,5,19,12,1,1,0
3.8032401191353475,3,14,26,0,1,0
4.940034558198034,5,31,20,0,1,0
2.8138755369066333,1,32,18,0,1,0
2.5423691622239524,3,16,14,0,1,0
4.425395529392739,10,23,34,1,0,0
4.517888843412207,5,29,19,1,1,0
2.8005180728014407,4,12,24,0,1,0
3.1639570823965153,2,46,37,1,1,0
2.5438809084165723,7,47,38,1,0,0
3.2332715269514116,6,15,23,0,1,0
4.432854684796679,2,1,13,0,0,0
3.7949013192814474,5,16,30,1,1,0
3.3702389829207204,3,31,29,0,0,0
3.4293482372658257,10,42,11,0,1,0
2.5033840642886704,4,7,21,1,1,0
3.2495013189130897,10,2,10,1,0,0
4.1161468540948265,4,11,33,0,1,0
4.935486109540893,6,19,29,1,0,0
4.6176520674597485,10,15,14,0,1,0
2.5589874116138227,4,13,15,0,1,0
4.746401511687099,10,15,39,1,0,0
4.457996033246565,2,48,33,1,1,0
4.450940308927451,9,42,20,0,0,0
3.6449893975089287,4,48,17,0,0,0
3.495013232386257,6,32,16,0,1,0
3.2572893220829817,4,29,13,1,1,0
2.6642371473859146,4,11,15,0,1,0
3.0705884087342477,8,14,25,1,0,0
3.1165090874450616,2,17,29,0,0,0
3.710192674275504,5,27,24,1,1,0
4.368611016491735,0,22,23,0,0,0
3.6845245709948666,9,13,32,1,0,0
2.6446111236179015,4,29,21,0,0,0
4.89447450247051,7,32,38,0,0,0
4.856810797735281,4,44,21,0,1,0
4.462973857871021,8,14,25,0,1,0
4.978319753910551,10,6,24,1,1,0
3.8612058320006573,5,14,38,1,0,0
4.906920875633015,7,41,22,1,0,0
2.6890126015418767,9,45,20,1,0,0
3.4142018706534283,7,37,39,1,0,0
3.0634531700169143,2,45,26,0,1,0
2.989582710335675,6,43,30,1,0,0
2.8520073722316903,6,10,24,1,0,0
4.056034103914992,9,28,23,1,1,0
4.4533046393682625,5,30,19,1,1,0
3.9457459985509016,6,24,21,0,1,0
2.867406773970524,1,23,25,0,0,0
4.527809424833677,8,18,24,0,0,0
4.089886767909321,9,1,19,0,0,0
3.4704142653174888,9,21,40,1,0,0
4.185325738840158,0,19,13,1,0,0
3.149762448107082,0,32,36,0,0,0
3.362980521235526,2,7,32,0,1,0
4.793714607829976,2,24,38,1,0,0
3.226261264178551,0,45,18,1,1,0
3.6749706703948415,6,8,30,0,1,0
4.725352843490036,3,33,29,0,1,0
4.269303375668819,9,22,40,0,0,0
2.655508065411757,1,4,18,0,0,0
2.868257610697426,9,24,30,1,1,0
2.519603976929792,4,7,34,1,0,0
4.077304475572909,5,15,33,1,0,0
3.619183563526046,8,47,29,0,1,0
2.8356871272556887,3,44,20,1,0,0
4.894835302641926,1,14,20,1,0,0
3.8241493098640498,4,0,16,0,0,0
3.104733235282223,2,21,30,0,0,0
3.7515089278867686,1,2,19,0,1,0
4.19905083183777,0,37,13,0,1,0
2.6905980449339113,9,13,14,0,0,0
3.18675953761973,1,35,14,0,0,0
4.517413727209984,5,17,20,1,0,0
3.6491621760066533,7,46,40,1,1,1
3.866442855080737,2,40,18,1,0,0
3.582040005523673,10,17,37,1,0,0
2.609749856607513,8,2,25,1,1,0
2.91437444955039,8,9,18,1,0,0
3.6138540968547272,1,48,31,0,1,0
3.0229636635198194,7,38,39,0,0,0
2.624947571649197,9,46,13,0,1,0
4.609124160129559,10,0,40,1,0,0
4.95298132291029,4,26,11,1,0,0
4.482857184991849,3,26,23,0,1,0
4.6344623042616675,9,10,12,0,1,0
3.1049428257926133,4,48,27,0,1,0
4.901567438782999,3,4,30,0,1,0
2.992314261133571,7,6,15,0,1,0
4.878574525904581,3,18,20,1,0,0
4.9870482349148775,9,28,30,1,1,1
4.279307014365122,5,14,27,1,1,0
4.952859329479555,1,34,21,0,1,0
3.923849448917759,4,46,14,1,1,0
3.148854457940226,5,36,18,0,0,0
3.592489714164052,4,11,29,1,0,0
3.983902338446965,1,29,37,0,0,0
2.6827039050675374,6,19,35,0,0,0
4.0558581615431155,3,36,27,1,0,0
4.952944591905736,7,2,28,1,1,0
2.9752691244593192,6,8,12,1,0,0
4.4814877907209585,6,40,18,1,0,0
4.769746984449048,8,38,13,1,1,0
4.859253982050552,0,25,40,0,1,0
4.900339011013618,9,1,26,1,0,0
3.80364909680368,5,22,26,1,0,0
4.943269769978759,5,22,40,0,1,0
4.393275517836097,5,20,32,1,0,0
2.9041785905924047,5,15,32,0,1,0
3.692250266169925,9,8,11,1,1,0
4.29582793843001,6,12,18,1,0,0
3.1183507895477085,9,27,18,0,0,0
4.1015379588722185,5,26,14,1,0,0
4.166501197616548,0,16,24,1,1,0
2.906749359521415,2,37,24,1,1,0
3.9127132811318908,1,35,12,1,0,0
4.429067277446519,5,0,28,0,0,0
3.747239161339855,7,17,37,0,0,0
2.5302577919402687,2,8,12,1,1,0
2.5225961726982304,9,12,15,1,1,0
3.3925733599250307,7,39,13,0,1,0
4.815485171079455,7,44,33,0,0,0
3.071691949009022,4,14,40,1,1,0
4.085909222179218,7,42,22,0,1,0
3.0551896767333013,5,43,36,0,0,0
3.3041749741488715,4,45,22,0,1,0
4.62010522400371,8,3,36,0,0,0
4.322153605674867,6,32,20,1,1,0
2.738498193283027,7,23,14,0,0,0
3.571755052466084,0,35,10,1,0,0
2.572924409113161,10,40,18,1,1,0
3.7022253665075224,1,9,26,0,0,0
4.1560850292526705,7,35,31,1,1,1
2.796256558995379,8,19,10,1,0,0
3.2222123472729143,3,40,12,0,0,0
3.4945915637553924,9,44,24,0,0,0
4.798827561640124,10,43,35,0,1,0
4.9831375385574095,9,10,30,1,0,0
2.61227824748904,8,11,40,1,0,0
4.4025198087384805,3,17,35,1,1,0
3.429310166005858,9,29,32,1,0,0
3.4811454655737,9,43,39,0,0,0
4.385662433367557,9,47,19,1,0,0
4.796066080363522,8,36,17,0,0,0
4.8773214862563705,10,19,21,0,1,0
3.942806465095802,6,24,34,0,0,0
3.392802898251257,1,11,31,0,0,0
4.468872714646948,8,20,24,1,1,0
3.1275034581557506,3,24,36,0,0,0
3.9101850720837943,7,10,18,1,0,0
3.3964461538121826,6,8,33,0,1,0
4.1415776842696905,6,24,34,0,1,0
3.1009972822337675,7,34,19,0,1,0
2.9789823643370643,0,31,29,1,1,0
4.795597716688593,4,48,18,0,0,0
2.754509207373842,1,13,24,0,1,0
3.764894769337329,1,0,32,0,0,0
3.0521319574075223,0,16,30,0,1,0
2.5973249083141687,4,24,30,1,0,0
2.590047045728566,1,7,10,1,1,0
2.938054430264568,3,4,11,0,1,0
4.666925886265,2,4,35,0,0,0
3.2061968599425668,2,40,28,1,1,0
4.8761479264382395,1,34,39,1,1,0
3.954055732472984,5,18,23,1,1,0
3.5915354744219155,1,22,17,0,0,0
3.9502220866736364,7,8,15,1,1,0
3.7917459630656696,7,29,21,0,1,0
4.396940634393313,4,15,35,1,0,0
3.2062401649321304,9,32,36,1,0,0
3.382625979000756,6,1,38,0,1,0
4.735235756333127,3,13,24,1,0,0
4.866141282876013,0,45,23,0,0,0
4.731395568716186,10,0,30,1,0,0
3.548619984893284,1,25,38,0,1,0
4.450913757517204,9,24,10,1,1,0
3.6908393332527467,9,15,37,1,0,0
3.7438496303652555,3,14,20,0,1,0
3.0117002726432096,0,25,37,0,0,0
3.9778257581462912,7,46,34,0,1,0
2.96533974438337,8,43,12,0,0,0
3.328911747667984,3,15,28,1,1,0
4.637575504049838,9,13,27,1,0,0
3.017689523027138,2,28,29,1,1,0
2.677895712933582,1,23,37,1,1,0
2.6725189815320407,4,46,11,1,0,0
4.85196130125777,2,14,38,1,1,0
3.7673010949045866,9,18,34,0,1,0
3.5235301795425458,6,7,37,1,1,0
4.527196452519796,10,33,35,1,1,1
4.589564819776291,5,1,16,0,1,0
3.3304775827890114,0,26,17,1,1,0
4.234045143684488,7,9,28,1,1,0
4.427807039629716,1,34,31,1,1,0
4.136626717164886,4,22,24,0,0,0
2.878987687000248,8,48,19,0,1,0
4.689707708792643,7,7,31,1,0,0
3.8477363818400216,1,27,38,0,1,0
3.2061810659250094,8,22,10,1,0,0
3.5630704635942347,4,3,15,1,1,0
2.5939277259972684,9,13,22,1,0,0
2.819667003056044,5,41,23,0,0,0
4.413866876289652,2,28,12,1,1,0
2.500029086888415,2,0,20,1,0,0
3.5414145712057303,9,3,12,1,1,0
3.806275452713971,7,31,28,1,1,0
2.636586050002431,10,32,19,1,0,0
4.932695407430832,9,48,36,0,1,0
3.06531332812418,9,25,24,1,0,0
3.260496799090702,1,16,20,0,0,0
3.2598562806375684,10,38,24,1,1,0
3.0760416552933747,1,22,35,0,1,0
2.5036845552157785,4,31,36,1,1,0
4.323361985219991,5,14,33,1,1,0
4.917113749498213,1,12,22,0,1,0
3.060733708212613,4,1,14,0,0,0
4.157617979508556,6,18,13,1,0,0
4.354740817396788,9,23,22,0,1,0
4.621063447726312,9,44,18,0,1,0
3.556572992534023,7,23,34,1,1,1
3.257327264101073,6,10,26,1,0,0
3.3132378350575777,7,21,11,1,0,0
4.281553332746282,8,14,33,1,0,0
4.541948666264091,4,9,14,1,1,0
2.9540349193915065,4,40,25,0,1,0
3.427352520394413,10,26,16,1,0,0
4.754850491872875,9,8,10,0,1,0
4.516733799236848,3,27,37,1,1,0
4.96214600690619,8,0,35,1,0,0
4.385620649205202,4,16,21,0,0,0
3.4829880025698055,1,30,30,1,1,0
3.9765945849865947,9,43,20,0,0,0
4.1525356356183005,7,9,21,0,1,0
2.6961395407928097,6,36,28,0,0,0
3.861242397759663,7,28,35,1,0,0
4.273302071181524,2,17,21,1,1,0
2.918303260002651,3,46,21,1,1,0
4.451579293563893,4,37,23,1,0,0
3.9594319512852794,5,38,11,1,1,0
4.880554464243986,0,48,11,1,0,0
2.6060557455172293,3,5,34,0,1,0
3.1633153438886676,10,39,38,1,0,0
4.003884698249561,9,11,13,1,0,0
3.2413997805148265,4,13,29,1,0,0
4.286060410178106,6,43,32,1,1,0
4.3975132063048274,4,9,35,0,0,0
2.756289910166186,0,19,25,0,0,0
3.784636160516919,10,14,19,0,0,0
3.7722263889776397,6,30,22,0,0,0
3.4232019255388524,7,6,11,0,1,0
4.83231215642418,6,40,12,1,1,0
4.568765799683053,10,9,28,0,0,0
4.243023454774092,3,9,15,0,0,0
4.285816589337494,7,47,28,1,1,0
3.654290359532798,4,38,36,1,0,0
4.802486302741439,9,27,30,0,1,0
4.236488568133213,8,29,29,1,0,0
4.322452654139541,9,36,28,1,1,0
4.654227259468363,4,2,17,0,0,0
3.1851789733554776,0,42,23,1,1,0
4.517677259666757,8,14,19,0,1,0
2.9881015073912303,4,20,12,0,1,0
3.3633548806122198,5,36,15,1,0,0
3.3390261356746067,3,11,38,0,1,0
4.9463136709728515,5,3,24,0,1,0
4.641343059369817,7,46,32,1,0,0
4.252924653975649,2,8,32,1,0,0
4.317641904038475,4,38,27,1,0,0
3.9051819860064274,1,41,23,1,0,0
4.867726667771297,1,27,28,0,1,0
3.740646882205904,6,22,37,1,0,0
3.451294274674736,9,44,35,1,0,0
2.9075883423289777,9,39,19,0,0,0
4.465514130652645,10,43,24,0,0,0
4.336109830188978,9,21,13,0,0,0
3.460887596310337,5,23,32,0,0,0
2.5629835348980734,3,25,11,1,0,0
4.597493319295027,4,29,12,1,1,0
2.5285449586351842,0,32,16,0,1,0
4.259249449072628,6,15,32,0,1,0
4.9256427743151425,7,21,25,0,1,0
3.5941533203705087,8,48,40,0,1,0
3.087433512489882,7,42,19,1,0,0
4.262177525108454,4,17,28,0,0,0
4.5428203550389625,2,6,37,1,0,0
3.8660757901946186,9,25,26,0,0,0
4.917588188140366,10,7,37,1,1,0
2.6291718041449026,8,5,28,1,1,0
3.76198899576132,5,29,14,1,0,0
4.296134868306375,4,38,32,1,0,0
4.656601177872947,2,22,29,0,1,0
2.948139029769475,5,31,22,1,1,0
4.500008704409204,2,21,22,0,1,0
3.881767689296363,9,41,20,1,0,0
3.491384204974908,5,42,20,1,0,0
2.829287571447734,3,44,25,0,1,0
4.663239397272282,1,8,24,0,1,0
2.8931830204492885,7,30,26,1,0,0
3.274469648022748,3,6,31,1,0,0
3.225113829906092,8,8,27,0,0,0
4.678535085477136,6,12,37,1,0,0
